word,translation,level,class,example
abundance,kelimpahan,beginner,Daily Vocabulary,I learn the word 'abundance'.
abuse,melecehkan,beginner,Daily Vocabulary,I learn the word 'abuse'.
accent,aksen,beginner,Daily Vocabulary,I learn the word 'accent'.
accordance,sesuai,beginner,Daily Vocabulary,I learn the word 'accordance'.
accountant,akuntan,beginner,Daily Vocabulary,I learn the word 'accountant'.
accounting,akuntansi,beginner,Daily Vocabulary,I learn the word 'accounting'.
accumulate,mengumpulkan,beginner,Daily Vocabulary,I learn the word 'accumulate'.
accuracy,ketepatan,beginner,Daily Vocabulary,I learn the word 'accuracy'.
accurately,secara akurat,beginner,Daily Vocabulary,I learn the word 'accurately'.
accusation,tuduhan,beginner,Daily Vocabulary,I learn the word 'accusation'.
accused,dituduh,beginner,Daily Vocabulary,I learn the word 'accused'.
acid,asam,beginner,Daily Vocabulary,I learn the word 'acid'.
acre,hektar,beginner,Daily Vocabulary,I learn the word 'acre'.
activate,mengaktifkan,beginner,Daily Vocabulary,I learn the word 'activate'.
activation,pengaktifan,beginner,Daily Vocabulary,I learn the word 'activation'.
activist,aktivis,beginner,Daily Vocabulary,I learn the word 'activist'.
acute,akut,beginner,Daily Vocabulary,I learn the word 'acute'.
adaptation,adaptasi,beginner,Daily Vocabulary,I learn the word 'adaptation'.
addiction,kecanduan,beginner,Daily Vocabulary,I learn the word 'addiction'.
adequate,memadai,beginner,Daily Vocabulary,I learn the word 'adequate'.
adequately,cukup,beginner,Daily Vocabulary,I learn the word 'adequately'.
adhere,mengikuti,beginner,Daily Vocabulary,I learn the word 'adhere'.
adjacent,bersebelahan,beginner,Daily Vocabulary,I learn the word 'adjacent'.
adjust,menyesuaikan,beginner,Daily Vocabulary,I learn the word 'adjust'.
adjustment,pengaturan,beginner,Daily Vocabulary,I learn the word 'adjustment'.
admission,penerimaan,beginner,Daily Vocabulary,I learn the word 'admission'.
adolescent,remaja,beginner,Daily Vocabulary,I learn the word 'adolescent'.
adoption,adopsi,beginner,Daily Vocabulary,I learn the word 'adoption'.
aesthetic,estetis,beginner,Daily Vocabulary,I learn the word 'aesthetic'.
aftermath,akibat,beginner,Daily Vocabulary,I learn the word 'aftermath'.
aggression,agresi,beginner,Daily Vocabulary,I learn the word 'aggression'.
aide,pembantu,beginner,Daily Vocabulary,I learn the word 'aide'.
aids,AIDS,beginner,Daily Vocabulary,I learn the word 'aids'.
albeit,walaupun,beginner,Daily Vocabulary,I learn the word 'albeit'.
alert,peringatan,beginner,Daily Vocabulary,I learn the word 'alert'.
alien,asing,beginner,Daily Vocabulary,I learn the word 'alien'.
align,meluruskan,beginner,Daily Vocabulary,I learn the word 'align'.
alignment,penyelarasan,beginner,Daily Vocabulary,I learn the word 'alignment'.
alike,sama,beginner,Daily Vocabulary,I learn the word 'alike'.
allegation,dugaan,beginner,Daily Vocabulary,I learn the word 'allegation'.
allege,mengatakan,beginner,Daily Vocabulary,I learn the word 'allege'.
allegedly,diduga,beginner,Daily Vocabulary,I learn the word 'allegedly'.
alliance,persekutuan,beginner,Daily Vocabulary,I learn the word 'alliance'.
allocate,mengalokasikan,beginner,Daily Vocabulary,I learn the word 'allocate'.
allocation,alokasi,beginner,Daily Vocabulary,I learn the word 'allocation'.
allowance,uang saku,beginner,Daily Vocabulary,I learn the word 'allowance'.
ally,sekutu,beginner,Daily Vocabulary,I learn the word 'ally'.
alongside,di samping,beginner,Daily Vocabulary,I learn the word 'alongside'.
altogether,sama sekali,beginner,Daily Vocabulary,I learn the word 'altogether'.
aluminium,aluminium,beginner,Daily Vocabulary,I learn the word 'aluminium'.
amateur,amatir,beginner,Daily Vocabulary,I learn the word 'amateur'.
ambassador,duta besar,beginner,Daily Vocabulary,I learn the word 'ambassador'.
ambulance,ambulans,beginner,Daily Vocabulary,I learn the word 'ambulance'.
amend,mengubah,beginner,Daily Vocabulary,I learn the word 'amend'.
amendment,amandemen,beginner,Daily Vocabulary,I learn the word 'amendment'.
amid,tengah,beginner,Daily Vocabulary,I learn the word 'amid'.
amusing,menyenangkan,beginner,Daily Vocabulary,I learn the word 'amusing'.
analogy,analogi,beginner,Daily Vocabulary,I learn the word 'analogy'.
analyst,analis,beginner,Daily Vocabulary,I learn the word 'analyst'.
ancestor,leluhur,beginner,Daily Vocabulary,I learn the word 'ancestor'.
anchor,jangkar,beginner,Daily Vocabulary,I learn the word 'anchor'.
angel,malaikat,beginner,Daily Vocabulary,I learn the word 'angel'.
animation,animasi,beginner,Daily Vocabulary,I learn the word 'animation'.
annually,setiap tahun,beginner,Daily Vocabulary,I learn the word 'annually'.
anonymous,anonim,beginner,Daily Vocabulary,I learn the word 'anonymous'.
anxiety,kecemasan,beginner,Daily Vocabulary,I learn the word 'anxiety'.
apparatus,aparat,beginner,Daily Vocabulary,I learn the word 'apparatus'.
appealing,menarik,beginner,Daily Vocabulary,I learn the word 'appealing'.
appetite,nafsu makan,beginner,Daily Vocabulary,I learn the word 'appetite'.
applaud,bertepuk tangan,beginner,Daily Vocabulary,I learn the word 'applaud'.
applicable,berlaku,beginner,Daily Vocabulary,I learn the word 'applicable'.
applicant,pemohon,beginner,Daily Vocabulary,I learn the word 'applicant'.
appoint,menunjuk,beginner,Daily Vocabulary,I learn the word 'appoint'.
arbitrary,sewenang-wenang,beginner,Daily Vocabulary,I learn the word 'arbitrary'.
archive,arsip,beginner,Daily Vocabulary,I learn the word 'archive'.
arena,arena,beginner,Daily Vocabulary,I learn the word 'arena'.
arm,lengan,beginner,Daily Vocabulary,I learn the word 'arm'.
array,susunan,beginner,Daily Vocabulary,I learn the word 'array'.
arrow,anak panah,beginner,Daily Vocabulary,I learn the word 'arrow'.
articulate,pandai berbicara,beginner,Daily Vocabulary,I learn the word 'articulate'.
artwork,karya seni,beginner,Daily Vocabulary,I learn the word 'artwork'.
ash,abu,beginner,Daily Vocabulary,I learn the word 'ash'.
aside,ke samping,beginner,Daily Vocabulary,I learn the word 'aside'.
aspiration,aspirasi,beginner,Daily Vocabulary,I learn the word 'aspiration'.
aspire,bercita-cita,beginner,Daily Vocabulary,I learn the word 'aspire'.
assault,menyerang,beginner,Daily Vocabulary,I learn the word 'assault'.
assemble,berkumpul,beginner,Daily Vocabulary,I learn the word 'assemble'.
assembly,perakitan,beginner,Daily Vocabulary,I learn the word 'assembly'.
assert,menegaskan,beginner,Daily Vocabulary,I learn the word 'assert'.
assertion,pernyataan,beginner,Daily Vocabulary,I learn the word 'assertion'.
asset,aset,beginner,Daily Vocabulary,I learn the word 'asset'.
assign,menetapkan,beginner,Daily Vocabulary,I learn the word 'assign'.
assistance,bantuan,beginner,Daily Vocabulary,I learn the word 'assistance'.
assumption,anggapan,beginner,Daily Vocabulary,I learn the word 'assumption'.
assurance,jaminan,beginner,Daily Vocabulary,I learn the word 'assurance'.
assure,memastikan,beginner,Daily Vocabulary,I learn the word 'assure'.
asylum,suaka,beginner,Daily Vocabulary,I learn the word 'asylum'.
atrocity,kekejaman,beginner,Daily Vocabulary,I learn the word 'atrocity'.
attachment,lampiran,beginner,Daily Vocabulary,I learn the word 'attachment'.
attain,mencapai,beginner,Daily Vocabulary,I learn the word 'attain'.
attendance,kehadiran,beginner,Daily Vocabulary,I learn the word 'attendance'.
attorney,pengacara,beginner,Daily Vocabulary,I learn the word 'attorney'.
attribute,atribut,beginner,Daily Vocabulary,I learn the word 'attribute'.
auction,lelang,beginner,Daily Vocabulary,I learn the word 'auction'.
audio,audio,beginner,Daily Vocabulary,I learn the word 'audio'.
audit,mengaudit,beginner,Daily Vocabulary,I learn the word 'audit'.
authentic,autentik,beginner,Daily Vocabulary,I learn the word 'authentic'.
authorize,mengizinkan,beginner,Daily Vocabulary,I learn the word 'authorize'.
auto,mobil,beginner,Daily Vocabulary,I learn the word 'auto'.
automatic,otomatis,beginner,Daily Vocabulary,I learn the word 'automatic'.
autonomy,otonomi,beginner,Daily Vocabulary,I learn the word 'autonomy'.
await,menunggu,beginner,Daily Vocabulary,I learn the word 'await'.
awareness,kesadaran,beginner,Daily Vocabulary,I learn the word 'awareness'.
awkward,canggung,beginner,Daily Vocabulary,I learn the word 'awkward'.
backdrop,latar belakang,beginner,Daily Vocabulary,I learn the word 'backdrop'.
backing,dukungan,beginner,Daily Vocabulary,I learn the word 'backing'.
backup,cadangan,beginner,Daily Vocabulary,I learn the word 'backup'.
badge,lencana,beginner,Daily Vocabulary,I learn the word 'badge'.
bail,jaminan,beginner,Daily Vocabulary,I learn the word 'bail'.
balanced,seimbang,beginner,Daily Vocabulary,I learn the word 'balanced'.
ballet,balet,beginner,Daily Vocabulary,I learn the word 'ballet'.
balloon,balon,beginner,Daily Vocabulary,I learn the word 'balloon'.
ballot,suara,beginner,Daily Vocabulary,I learn the word 'ballot'.
banner,spanduk,beginner,Daily Vocabulary,I learn the word 'banner'.
bare,telanjang,beginner,Daily Vocabulary,I learn the word 'bare'.
barely,hampir tidak,beginner,Daily Vocabulary,I learn the word 'barely'.
bargain,tawar-menawar,beginner,Daily Vocabulary,I learn the word 'bargain'.
barrel,barel,beginner,Daily Vocabulary,I learn the word 'barrel'.
basement,ruang bawah tanah,beginner,Daily Vocabulary,I learn the word 'basement'.
basket,keranjang,beginner,Daily Vocabulary,I learn the word 'basket'.
bass,bas,beginner,Daily Vocabulary,I learn the word 'bass'.
bat,kelelawar,beginner,Daily Vocabulary,I learn the word 'bat'.
bay,teluk,beginner,Daily Vocabulary,I learn the word 'bay'.
beam,balok,beginner,Daily Vocabulary,I learn the word 'beam'.
beast,binatang buas,beginner,Daily Vocabulary,I learn the word 'beast'.
behalf,kepentingan,beginner,Daily Vocabulary,I learn the word 'behalf'.
beloved,kesayangan,beginner,Daily Vocabulary,I learn the word 'beloved'.
bench,bangku,beginner,Daily Vocabulary,I learn the word 'bench'.
benchmark,tolok ukur,beginner,Daily Vocabulary,I learn the word 'benchmark'.
beneath,di bawah,beginner,Daily Vocabulary,I learn the word 'beneath'.
beneficial,bermanfaat,beginner,Daily Vocabulary,I learn the word 'beneficial'.
beside,di samping,beginner,Daily Vocabulary,I learn the word 'beside'.
besides,di samping itu,beginner,Daily Vocabulary,I learn the word 'besides'.
betray,mengkhianati,beginner,Daily Vocabulary,I learn the word 'betray'.
bias,bias,beginner,Daily Vocabulary,I learn the word 'bias'.
bid,penawaran,beginner,Daily Vocabulary,I learn the word 'bid'.
bind,mengikat,beginner,Daily Vocabulary,I learn the word 'bind'.
biography,biografi,beginner,Daily Vocabulary,I learn the word 'biography'.
biological,biologis,beginner,Daily Vocabulary,I learn the word 'biological'.
bishop,uskup,beginner,Daily Vocabulary,I learn the word 'bishop'.
bizarre,aneh,beginner,Daily Vocabulary,I learn the word 'bizarre'.
blade,bilah,beginner,Daily Vocabulary,I learn the word 'blade'.
blanket,selimut,beginner,Daily Vocabulary,I learn the word 'blanket'.
blast,ledakan,beginner,Daily Vocabulary,I learn the word 'blast'.
bleed,berdarah,beginner,Daily Vocabulary,I learn the word 'bleed'.
blend,mencampur,beginner,Daily Vocabulary,I learn the word 'blend'.
bless,memberkati,beginner,Daily Vocabulary,I learn the word 'bless'.
blessing,anugerah,beginner,Daily Vocabulary,I learn the word 'blessing'.
blow,meniup,beginner,Daily Vocabulary,I learn the word 'blow'.
boast,membanggakan,beginner,Daily Vocabulary,I learn the word 'boast'.
bold,berani,beginner,Daily Vocabulary,I learn the word 'bold'.
bombing,pengeboman,beginner,Daily Vocabulary,I learn the word 'bombing'.
bonus,bonus,beginner,Daily Vocabulary,I learn the word 'bonus'.
booking,pemesanan,beginner,Daily Vocabulary,I learn the word 'booking'.
boom,ledakan,beginner,Daily Vocabulary,I learn the word 'boom'.
boost,mendorong,beginner,Daily Vocabulary,I learn the word 'boost'.
bounce,melambung,beginner,Daily Vocabulary,I learn the word 'bounce'.
bound,melompat,beginner,Daily Vocabulary,I learn the word 'bound'.
boundary,batas,beginner,Daily Vocabulary,I learn the word 'boundary'.
bow,busur,beginner,Daily Vocabulary,I learn the word 'bow'.
breach,melanggar,beginner,Daily Vocabulary,I learn the word 'breach'.
breakdown,perincian,beginner,Daily Vocabulary,I learn the word 'breakdown'.
breed,keturunan,beginner,Daily Vocabulary,I learn the word 'breed'.
brick,bata,beginner,Daily Vocabulary,I learn the word 'brick'.
briefly,secara singkat,beginner,Daily Vocabulary,I learn the word 'briefly'.
broadband,pita lebar,beginner,Daily Vocabulary,I learn the word 'broadband'.
broadly,secara luas,beginner,Daily Vocabulary,I learn the word 'broadly'.
browser,peramban,beginner,Daily Vocabulary,I learn the word 'browser'.
brutal,brutal,beginner,Daily Vocabulary,I learn the word 'brutal'.
buck,uang,beginner,Daily Vocabulary,I learn the word 'buck'.
buddy,sobat,beginner,Daily Vocabulary,I learn the word 'buddy'.
buffer,penyangga,beginner,Daily Vocabulary,I learn the word 'buffer'.
bug,serangga,beginner,Daily Vocabulary,I learn the word 'bug'.
bulk,dalam jumlah besar,beginner,Daily Vocabulary,I learn the word 'bulk'.
burden,beban,beginner,Daily Vocabulary,I learn the word 'burden'.
burial,pemakaman,beginner,Daily Vocabulary,I learn the word 'burial'.
burst,meletus,beginner,Daily Vocabulary,I learn the word 'burst'.
cabin,kabin,beginner,Daily Vocabulary,I learn the word 'cabin'.
cabinet,kabinet,beginner,Daily Vocabulary,I learn the word 'cabinet'.
canal,kanal,beginner,Daily Vocabulary,I learn the word 'canal'.
candle,lilin,beginner,Daily Vocabulary,I learn the word 'candle'.
canvas,kanvas,beginner,Daily Vocabulary,I learn the word 'canvas'.
capability,kemampuan,beginner,Daily Vocabulary,I learn the word 'capability'.
capitalism,kapitalisme,beginner,Daily Vocabulary,I learn the word 'capitalism'.
capitalist,kapitalis,beginner,Daily Vocabulary,I learn the word 'capitalist'.
carbon,karbon,beginner,Daily Vocabulary,I learn the word 'carbon'.
cargo,muatan,beginner,Daily Vocabulary,I learn the word 'cargo'.
carriage,pengangkutan,beginner,Daily Vocabulary,I learn the word 'carriage'.
carve,mengukir,beginner,Daily Vocabulary,I learn the word 'carve'.
casino,kasino,beginner,Daily Vocabulary,I learn the word 'casino'.
casual,kasual,beginner,Daily Vocabulary,I learn the word 'casual'.
casualty,korban,beginner,Daily Vocabulary,I learn the word 'casualty'.
catalogue,katalog,beginner,Daily Vocabulary,I learn the word 'catalogue'.
cater,melayani,beginner,Daily Vocabulary,I learn the word 'cater'.
cattle,ternak,beginner,Daily Vocabulary,I learn the word 'cattle'.
caution,peringatan,beginner,Daily Vocabulary,I learn the word 'caution'.
cautious,waspada,beginner,Daily Vocabulary,I learn the word 'cautious'.
cave,gua,beginner,Daily Vocabulary,I learn the word 'cave'.
cease,berhenti,beginner,Daily Vocabulary,I learn the word 'cease'.
cemetery,pemakaman,beginner,Daily Vocabulary,I learn the word 'cemetery'.
certainty,kepastian,beginner,Daily Vocabulary,I learn the word 'certainty'.
chamber,ruangan,beginner,Daily Vocabulary,I learn the word 'chamber'.
chaos,kekacauan,beginner,Daily Vocabulary,I learn the word 'chaos'.
charm,pesona,beginner,Daily Vocabulary,I learn the word 'charm'.
charming,menawan,beginner,Daily Vocabulary,I learn the word 'charming'.
charter,piagam,beginner,Daily Vocabulary,I learn the word 'charter'.
chase,mengejar,beginner,Daily Vocabulary,I learn the word 'chase'.
cheek,pipi,beginner,Daily Vocabulary,I learn the word 'cheek'.
cheer,bersorak,beginner,Daily Vocabulary,I learn the word 'cheer'.
choir,paduan suara,beginner,Daily Vocabulary,I learn the word 'choir'.
chop,mencacah,beginner,Daily Vocabulary,I learn the word 'chop'.
chronic,kronis,beginner,Daily Vocabulary,I learn the word 'chronic'.
chunk,bingkah,beginner,Daily Vocabulary,I learn the word 'chunk'.
circuit,sirkuit,beginner,Daily Vocabulary,I learn the word 'circuit'.
circulate,mengedarkan,beginner,Daily Vocabulary,I learn the word 'circulate'.
civic,sipil,beginner,Daily Vocabulary,I learn the word 'civic'.
civilian,sipil,beginner,Daily Vocabulary,I learn the word 'civilian'.
clarify,menjelaskan,beginner,Daily Vocabulary,I learn the word 'clarify'.
clarity,kejelasan,beginner,Daily Vocabulary,I learn the word 'clarity'.
clash,bentrokan,beginner,Daily Vocabulary,I learn the word 'clash'.
classify,menggolongkan,beginner,Daily Vocabulary,I learn the word 'classify'.
cleaning,pembersihan,beginner,Daily Vocabulary,I learn the word 'cleaning'.
clerk,staf,beginner,Daily Vocabulary,I learn the word 'clerk'.
cliff,jurang,beginner,Daily Vocabulary,I learn the word 'cliff'.
cling,berpegang teguh,beginner,Daily Vocabulary,I learn the word 'cling'.
clinic,klinik,beginner,Daily Vocabulary,I learn the word 'clinic'.
clinical,klinis,beginner,Daily Vocabulary,I learn the word 'clinical'.
clip,klip,beginner,Daily Vocabulary,I learn the word 'clip'.
closure,penutup,beginner,Daily Vocabulary,I learn the word 'closure'.
cluster,gugus,beginner,Daily Vocabulary,I learn the word 'cluster'.
coalition,koalisi,beginner,Daily Vocabulary,I learn the word 'coalition'.
coastal,pesisir,beginner,Daily Vocabulary,I learn the word 'coastal'.
cocktail,koktail,beginner,Daily Vocabulary,I learn the word 'cocktail'.
cognitive,kognitif,beginner,Daily Vocabulary,I learn the word 'cognitive'.
coincide,bertepatan,beginner,Daily Vocabulary,I learn the word 'coincide'.
collective,kolektif,beginner,Daily Vocabulary,I learn the word 'collective'.
collector,pengumpul,beginner,Daily Vocabulary,I learn the word 'collector'.
collision,tabrakan,beginner,Daily Vocabulary,I learn the word 'collision'.
colonial,kolonial,beginner,Daily Vocabulary,I learn the word 'colonial'.
colony,koloni,beginner,Daily Vocabulary,I learn the word 'colony'.
colourful,berwarna-warni,beginner,Daily Vocabulary,I learn the word 'colourful'.
columnist,kolumnis,beginner,Daily Vocabulary,I learn the word 'columnist'.
combat,tempur,beginner,Daily Vocabulary,I learn the word 'combat'.
comic,komik,beginner,Daily Vocabulary,I learn the word 'comic'.
commander,komandan,beginner,Daily Vocabulary,I learn the word 'commander'.
commence,memulai,beginner,Daily Vocabulary,I learn the word 'commence'.
commentary,komentar,beginner,Daily Vocabulary,I learn the word 'commentary'.
commerce,perdagangan,beginner,Daily Vocabulary,I learn the word 'commerce'.
commodity,komoditi,beginner,Daily Vocabulary,I learn the word 'commodity'.
communist,Komunis,beginner,Daily Vocabulary,I learn the word 'communist'.
companion,pendamping,beginner,Daily Vocabulary,I learn the word 'companion'.
comparable,sebanding,beginner,Daily Vocabulary,I learn the word 'comparable'.
compassion,kasih sayang,beginner,Daily Vocabulary,I learn the word 'compassion'.
compel,memaksa,beginner,Daily Vocabulary,I learn the word 'compel'.
compelling,menarik,beginner,Daily Vocabulary,I learn the word 'compelling'.
compensate,mengimbangi,beginner,Daily Vocabulary,I learn the word 'compensate'.
competence,kompetensi,beginner,Daily Vocabulary,I learn the word 'competence'.
competent,kompeten,beginner,Daily Vocabulary,I learn the word 'competent'.
compile,menyusun,beginner,Daily Vocabulary,I learn the word 'compile'.
complement,melengkapi,beginner,Daily Vocabulary,I learn the word 'complement'.
completion,penyelesaian,beginner,Daily Vocabulary,I learn the word 'completion'.
complexity,kompleksitas,beginner,Daily Vocabulary,I learn the word 'complexity'.
compliance,kepatuhan,beginner,Daily Vocabulary,I learn the word 'compliance'.
comply,mematuhi,beginner,Daily Vocabulary,I learn the word 'comply'.
compose,menyusun,beginner,Daily Vocabulary,I learn the word 'compose'.
composer,komposer,beginner,Daily Vocabulary,I learn the word 'composer'.
compound,menggabungkan,beginner,Daily Vocabulary,I learn the word 'compound'.
comprise,meliputi,beginner,Daily Vocabulary,I learn the word 'comprise'.
compromise,kompromi,beginner,Daily Vocabulary,I learn the word 'compromise'.
compulsory,wajib,beginner,Daily Vocabulary,I learn the word 'compulsory'.
compute,menghitung,beginner,Daily Vocabulary,I learn the word 'compute'.
conceal,menutupi,beginner,Daily Vocabulary,I learn the word 'conceal'.
concede,mengakui,beginner,Daily Vocabulary,I learn the word 'concede'.
conceive,memahami,beginner,Daily Vocabulary,I learn the word 'conceive'.
conception,pembuahan,beginner,Daily Vocabulary,I learn the word 'conception'.
concession,konsesi,beginner,Daily Vocabulary,I learn the word 'concession'.
concrete,konkret,beginner,Daily Vocabulary,I learn the word 'concrete'.
condemn,memvonis,beginner,Daily Vocabulary,I learn the word 'condemn'.
confer,memberi,beginner,Daily Vocabulary,I learn the word 'confer'.
confess,mengakui,beginner,Daily Vocabulary,I learn the word 'confess'.
confession,pengakuan,beginner,Daily Vocabulary,I learn the word 'confession'.
confine,membatasi,beginner,Daily Vocabulary,I learn the word 'confine'.
confront,mengonfrontasi,beginner,Daily Vocabulary,I learn the word 'confront'.
confusion,kebingungan,beginner,Daily Vocabulary,I learn the word 'confusion'.
conquer,menaklukkan,beginner,Daily Vocabulary,I learn the word 'conquer'.
conscience,hati nurani,beginner,Daily Vocabulary,I learn the word 'conscience'.
consensus,konsensus,beginner,Daily Vocabulary,I learn the word 'consensus'.
consent,izin,beginner,Daily Vocabulary,I learn the word 'consent'.
conserve,melestarikan,beginner,Daily Vocabulary,I learn the word 'conserve'.
conspiracy,konspirasi,beginner,Daily Vocabulary,I learn the word 'conspiracy'.
constitute,merupakan,beginner,Daily Vocabulary,I learn the word 'constitute'.
constraint,kendala,beginner,Daily Vocabulary,I learn the word 'constraint'.
consult,berkonsultasi,beginner,Daily Vocabulary,I learn the word 'consult'.
consultant,konsultan,beginner,Daily Vocabulary,I learn the word 'consultant'.
contempt,penghinaan,beginner,Daily Vocabulary,I learn the word 'contempt'.
contend,bersaing,beginner,Daily Vocabulary,I learn the word 'contend'.
contender,lawan,beginner,Daily Vocabulary,I learn the word 'contender'.
content,isi,beginner,Daily Vocabulary,I learn the word 'content'.
contention,pendapat,beginner,Daily Vocabulary,I learn the word 'contention'.
contractor,kontraktor,beginner,Daily Vocabulary,I learn the word 'contractor'.
contrary,sebaliknya,beginner,Daily Vocabulary,I learn the word 'contrary'.
convention,konvensi,beginner,Daily Vocabulary,I learn the word 'convention'.
conversion,konversi,beginner,Daily Vocabulary,I learn the word 'conversion'.
convey,mengangkut,beginner,Daily Vocabulary,I learn the word 'convey'.
convict,menghukum,beginner,Daily Vocabulary,I learn the word 'convict'.
conviction,pengakuan,beginner,Daily Vocabulary,I learn the word 'conviction'.
convincing,meyakinkan,beginner,Daily Vocabulary,I learn the word 'convincing'.
cooperate,bekerja sama,beginner,Daily Vocabulary,I learn the word 'cooperate'.
coordinate,koordinat,beginner,Daily Vocabulary,I learn the word 'coordinate'.
cop,polisi,beginner,Daily Vocabulary,I learn the word 'cop'.
cope,mengatasi,beginner,Daily Vocabulary,I learn the word 'cope'.
copper,tembaga,beginner,Daily Vocabulary,I learn the word 'copper'.
copyright,hak cipta,beginner,Daily Vocabulary,I learn the word 'copyright'.
correction,koreksi,beginner,Daily Vocabulary,I learn the word 'correction'.
correlate,menghubungkan,beginner,Daily Vocabulary,I learn the word 'correlate'.
correspond,sesuai,beginner,Daily Vocabulary,I learn the word 'correspond'.
corridor,koridor,beginner,Daily Vocabulary,I learn the word 'corridor'.
corrupt,korup,beginner,Daily Vocabulary,I learn the word 'corrupt'.
corruption,korupsi,beginner,Daily Vocabulary,I learn the word 'corruption'.
costly,mahal,beginner,Daily Vocabulary,I learn the word 'costly'.
councillor,penasihat,beginner,Daily Vocabulary,I learn the word 'councillor'.
counsellor,konselor,beginner,Daily Vocabulary,I learn the word 'counsellor'.
counter,menangkal,beginner,Daily Vocabulary,I learn the word 'counter'.
countless,tak terhitung,beginner,Daily Vocabulary,I learn the word 'countless'.
coup,kup,beginner,Daily Vocabulary,I learn the word 'coup'.
courtesy,kesopanan,beginner,Daily Vocabulary,I learn the word 'courtesy'.
coverage,cakupan,beginner,Daily Vocabulary,I learn the word 'coverage'.
crack,retakan,beginner,Daily Vocabulary,I learn the word 'crack'.
craft,keahlian,beginner,Daily Vocabulary,I learn the word 'craft'.
crawl,merangkak,beginner,Daily Vocabulary,I learn the word 'crawl'.
creativity,kreativitas,beginner,Daily Vocabulary,I learn the word 'creativity'.
creator,pencipta,beginner,Daily Vocabulary,I learn the word 'creator'.
credible,kredibel,beginner,Daily Vocabulary,I learn the word 'credible'.
creep,orang aneh,beginner,Daily Vocabulary,I learn the word 'creep'.
critically,secara kritis,beginner,Daily Vocabulary,I learn the word 'critically'.
critique,kritik,beginner,Daily Vocabulary,I learn the word 'critique'.
crown,mahkota,beginner,Daily Vocabulary,I learn the word 'crown'.
crude,mentah,beginner,Daily Vocabulary,I learn the word 'crude'.
cruise,pelayaran,beginner,Daily Vocabulary,I learn the word 'cruise'.
crush,menghancurkan,beginner,Daily Vocabulary,I learn the word 'crush'.
crystal,kristal,beginner,Daily Vocabulary,I learn the word 'crystal'.
cue,isyarat,beginner,Daily Vocabulary,I learn the word 'cue'.
cult,kultus,beginner,Daily Vocabulary,I learn the word 'cult'.
cultivate,mengolah,beginner,Daily Vocabulary,I learn the word 'cultivate'.
curiosity,rasa ingin tahu,beginner,Daily Vocabulary,I learn the word 'curiosity'.
curious,penasaran,beginner,Daily Vocabulary,I learn the word 'curious'.
curriculum,kurikulum,beginner,Daily Vocabulary,I learn the word 'curriculum'.
custody,hak asuh,beginner,Daily Vocabulary,I learn the word 'custody'.
cute,imut-imut,beginner,Daily Vocabulary,I learn the word 'cute'.
cutting,pemotongan,beginner,Daily Vocabulary,I learn the word 'cutting'.
cynical,sinis,beginner,Daily Vocabulary,I learn the word 'cynical'.
dairy,produk susu,beginner,Daily Vocabulary,I learn the word 'dairy'.
dam,bendungan,beginner,Daily Vocabulary,I learn the word 'dam'.
damaging,merusak,beginner,Daily Vocabulary,I learn the word 'damaging'.
dare,berani,beginner,Daily Vocabulary,I learn the word 'dare'.
darkness,kegelapan,beginner,Daily Vocabulary,I learn the word 'darkness'.
database,basis data,beginner,Daily Vocabulary,I learn the word 'database'.
dawn,fajar,beginner,Daily Vocabulary,I learn the word 'dawn'.
deadline,tenggat waktu,beginner,Daily Vocabulary,I learn the word 'deadline'.
deadly,mematikan,beginner,Daily Vocabulary,I learn the word 'deadly'.
dealer,pedagang,beginner,Daily Vocabulary,I learn the word 'dealer'.
debris,puing,beginner,Daily Vocabulary,I learn the word 'debris'.
debut,debut,beginner,Daily Vocabulary,I learn the word 'debut'.
decisive,penentu,beginner,Daily Vocabulary,I learn the word 'decisive'.
deck,dek,beginner,Daily Vocabulary,I learn the word 'deck'.
dedicated,berdedikasi,beginner,Basic Sentences,I use 'dedicated' in a simple sentence.
dedication,dedikasi,beginner,Basic Sentences,I use 'dedication' in a simple sentence.
deed,akta,beginner,Basic Sentences,I use 'deed' in a simple sentence.
deem,menganggap,beginner,Basic Sentences,I use 'deem' in a simple sentence.
default,bawaan,beginner,Basic Sentences,I use 'default' in a simple sentence.
defect,cacat,beginner,Basic Sentences,I use 'defect' in a simple sentence.
defender,pembela,beginner,Basic Sentences,I use 'defender' in a simple sentence.
defensive,defensif,beginner,Basic Sentences,I use 'defensive' in a simple sentence.
deficiency,kekurangan,beginner,Basic Sentences,I use 'deficiency' in a simple sentence.
deficit,defisit,beginner,Basic Sentences,I use 'deficit' in a simple sentence.
defy,menentang,beginner,Basic Sentences,I use 'defy' in a simple sentence.
delegate,melimpahkan,beginner,Basic Sentences,I use 'delegate' in a simple sentence.
delegation,delegasi,beginner,Basic Sentences,I use 'delegation' in a simple sentence.
delete,menghapus,beginner,Basic Sentences,I use 'delete' in a simple sentence.
delicate,halus,beginner,Basic Sentences,I use 'delicate' in a simple sentence.
democracy,demokrasi,beginner,Basic Sentences,I use 'democracy' in a simple sentence.
democratic,demokratis,beginner,Basic Sentences,I use 'democratic' in a simple sentence.
demon,setan,beginner,Basic Sentences,I use 'demon' in a simple sentence.
denial,penyangkalan,beginner,Basic Sentences,I use 'denial' in a simple sentence.
denounce,mencela,beginner,Basic Sentences,I use 'denounce' in a simple sentence.
dense,padat,beginner,Basic Sentences,I use 'dense' in a simple sentence.
density,kepadatan,beginner,Basic Sentences,I use 'density' in a simple sentence.
depart,berangkat,beginner,Basic Sentences,I use 'depart' in a simple sentence.
dependence,ketergantungan,beginner,Basic Sentences,I use 'dependence' in a simple sentence.
dependent,bergantung,beginner,Basic Sentences,I use 'dependent' in a simple sentence.
depict,menggambarkan,beginner,Basic Sentences,I use 'depict' in a simple sentence.
deploy,menyebarkan,beginner,Basic Sentences,I use 'deploy' in a simple sentence.
deployment,penyebaran,beginner,Basic Sentences,I use 'deployment' in a simple sentence.
deposit,deposito,beginner,Basic Sentences,I use 'deposit' in a simple sentence.
depression,depresi,beginner,Basic Sentences,I use 'depression' in a simple sentence.
deprive,mencabut,beginner,Basic Sentences,I use 'deprive' in a simple sentence.
deputy,wakil,beginner,Basic Sentences,I use 'deputy' in a simple sentence.
derive,memperoleh,beginner,Basic Sentences,I use 'derive' in a simple sentence.
descend,turun,beginner,Basic Sentences,I use 'descend' in a simple sentence.
descent,turun,beginner,Basic Sentences,I use 'descent' in a simple sentence.
designate,menunjuk,beginner,Basic Sentences,I use 'designate' in a simple sentence.
desirable,diinginkan,beginner,Basic Sentences,I use 'desirable' in a simple sentence.
desktop,desktop,beginner,Basic Sentences,I use 'desktop' in a simple sentence.
detain,menahan,beginner,Basic Sentences,I use 'detain' in a simple sentence.
detection,deteksi,beginner,Basic Sentences,I use 'detection' in a simple sentence.
detention,penahanan,beginner,Basic Sentences,I use 'detention' in a simple sentence.
devastate,menghancurkan,beginner,Basic Sentences,I use 'devastate' in a simple sentence.
devil,iblis,beginner,Basic Sentences,I use 'devil' in a simple sentence.
devise,merancang,beginner,Basic Sentences,I use 'devise' in a simple sentence.
devote,mendedikasikan,beginner,Basic Sentences,I use 'devote' in a simple sentence.
diagnose,mendiagnosis,beginner,Basic Sentences,I use 'diagnose' in a simple sentence.
diagnosis,diagnosa,beginner,Basic Sentences,I use 'diagnosis' in a simple sentence.
dictate,mendikte,beginner,Basic Sentences,I use 'dictate' in a simple sentence.
dictator,diktator,beginner,Basic Sentences,I use 'dictator' in a simple sentence.
differ,berbeda,beginner,Basic Sentences,I use 'differ' in a simple sentence.
dignity,harga diri,beginner,Basic Sentences,I use 'dignity' in a simple sentence.
dilemma,dilema,beginner,Basic Sentences,I use 'dilemma' in a simple sentence.
dimension,dimensi,beginner,Basic Sentences,I use 'dimension' in a simple sentence.
diminish,mengurangi,beginner,Basic Sentences,I use 'diminish' in a simple sentence.
dip,mencelupkan,beginner,Basic Sentences,I use 'dip' in a simple sentence.
diplomat,diplomat,beginner,Basic Sentences,I use 'diplomat' in a simple sentence.
diplomatic,diplomatik,beginner,Basic Sentences,I use 'diplomatic' in a simple sentence.
directory,direktori,beginner,Basic Sentences,I use 'directory' in a simple sentence.
disability,disabilitas,beginner,Basic Sentences,I use 'disability' in a simple sentence.
disabled,dengan disabilitas,beginner,Basic Sentences,I use 'disabled' in a simple sentence.
disappoint,mengecewakan,beginner,Basic Sentences,I use 'disappoint' in a simple sentence.
disastrous,bencana,beginner,Basic Sentences,I use 'disastrous' in a simple sentence.
discard,membuang,beginner,Basic Sentences,I use 'discard' in a simple sentence.
discharge,memulangkan,beginner,Basic Sentences,I use 'discharge' in a simple sentence.
disclose,membuka,beginner,Basic Sentences,I use 'disclose' in a simple sentence.
disclosure,penyingkapan,beginner,Basic Sentences,I use 'disclosure' in a simple sentence.
discourage,mengecilkan hati,beginner,Basic Sentences,I use 'discourage' in a simple sentence.
discourse,ceramah,beginner,Basic Sentences,I use 'discourse' in a simple sentence.
discretion,kebijaksanaan,beginner,Basic Sentences,I use 'discretion' in a simple sentence.
dismissal,pemecatan,beginner,Basic Sentences,I use 'dismissal' in a simple sentence.
disorder,kekacauan,beginner,Basic Sentences,I use 'disorder' in a simple sentence.
displace,menggantikan,beginner,Basic Sentences,I use 'displace' in a simple sentence.
disposal,pembuangan,beginner,Basic Sentences,I use 'disposal' in a simple sentence.
dispose,membuang,beginner,Basic Sentences,I use 'dispose' in a simple sentence.
dispute,sengketa,beginner,Basic Sentences,I use 'dispute' in a simple sentence.
disrupt,mengganggu,beginner,Basic Sentences,I use 'disrupt' in a simple sentence.
disruption,gangguan,beginner,Basic Sentences,I use 'disruption' in a simple sentence.
dissolve,larut,beginner,Basic Sentences,I use 'dissolve' in a simple sentence.
distant,jauh,beginner,Basic Sentences,I use 'distant' in a simple sentence.
distinct,berbeda,beginner,Basic Sentences,I use 'distinct' in a simple sentence.
distort,memutarbalikkan,beginner,Basic Sentences,I use 'distort' in a simple sentence.
distract,mengganggu,beginner,Basic Sentences,I use 'distract' in a simple sentence.
distress,kesulitan,beginner,Basic Sentences,I use 'distress' in a simple sentence.
disturb,mengganggu,beginner,Basic Sentences,I use 'disturb' in a simple sentence.
disturbing,mengganggu,beginner,Basic Sentences,I use 'disturbing' in a simple sentence.
dive,menyelam,beginner,Basic Sentences,I use 'dive' in a simple sentence.
diverse,beragam,beginner,Basic Sentences,I use 'diverse' in a simple sentence.
diversity,keberagaman,beginner,Basic Sentences,I use 'diversity' in a simple sentence.
divert,mengalihkan,beginner,Basic Sentences,I use 'divert' in a simple sentence.
divine,bersifat ketuhanan,beginner,Basic Sentences,I use 'divine' in a simple sentence.
divorce,perceraian,beginner,Basic Sentences,I use 'divorce' in a simple sentence.
doctrine,doktrin,beginner,Basic Sentences,I use 'doctrine' in a simple sentence.
domain,domain,beginner,Basic Sentences,I use 'domain' in a simple sentence.
dominance,dominasi,beginner,Basic Sentences,I use 'dominance' in a simple sentence.
dominant,dominan,beginner,Basic Sentences,I use 'dominant' in a simple sentence.
donation,sumbangan,beginner,Basic Sentences,I use 'donation' in a simple sentence.
donor,donor,beginner,Basic Sentences,I use 'donor' in a simple sentence.
dose,dosis,beginner,Basic Sentences,I use 'dose' in a simple sentence.
dot,dot,beginner,Basic Sentences,I use 'dot' in a simple sentence.
downtown,pusat kota,beginner,Basic Sentences,I use 'downtown' in a simple sentence.
drain,mengeringkan,beginner,Basic Sentences,I use 'drain' in a simple sentence.
drift,melayang,beginner,Basic Sentences,I use 'drift' in a simple sentence.
driving,penggerak,beginner,Basic Sentences,I use 'driving' in a simple sentence.
drought,kekeringan,beginner,Basic Sentences,I use 'drought' in a simple sentence.
drown,menenggelamkan,beginner,Basic Sentences,I use 'drown' in a simple sentence.
dual,ganda,beginner,Basic Sentences,I use 'dual' in a simple sentence.
dub,menjuluki,beginner,Basic Sentences,I use 'dub' in a simple sentence.
dull,membosankan,beginner,Basic Sentences,I use 'dull' in a simple sentence.
dumb,bodoh,beginner,Basic Sentences,I use 'dumb' in a simple sentence.
dump,membuang,beginner,Basic Sentences,I use 'dump' in a simple sentence.
duo,duo,beginner,Basic Sentences,I use 'duo' in a simple sentence.
duration,lamanya,beginner,Basic Sentences,I use 'duration' in a simple sentence.
dynamic,dinamis,beginner,Basic Sentences,I use 'dynamic' in a simple sentence.
eager,ingin sekali,beginner,Basic Sentences,I use 'eager' in a simple sentence.
earnings,pendapatan,beginner,Basic Sentences,I use 'earnings' in a simple sentence.
ease,kemudahan,beginner,Basic Sentences,I use 'ease' in a simple sentence.
echo,gema,beginner,Basic Sentences,I use 'echo' in a simple sentence.
ecological,ekologis,beginner,Basic Sentences,I use 'ecological' in a simple sentence.
economics,ekonomi,beginner,Basic Sentences,I use 'economics' in a simple sentence.
economist,ekonom,beginner,Basic Sentences,I use 'economist' in a simple sentence.
editorial,tajuk rencana,beginner,Basic Sentences,I use 'editorial' in a simple sentence.
educator,pendidik,beginner,Basic Sentences,I use 'educator' in a simple sentence.
efficiency,efisiensi,beginner,Basic Sentences,I use 'efficiency' in a simple sentence.
ego,ego,beginner,Basic Sentences,I use 'ego' in a simple sentence.
elaborate,menjelaskan,beginner,Basic Sentences,I use 'elaborate' in a simple sentence.
elbow,siku,beginner,Basic Sentences,I use 'elbow' in a simple sentence.
electoral,pemilu,beginner,Basic Sentences,I use 'electoral' in a simple sentence.
elegant,anggun,beginner,Basic Sentences,I use 'elegant' in a simple sentence.
elementary,dasar,beginner,Basic Sentences,I use 'elementary' in a simple sentence.
elevate,mengangkat,beginner,Basic Sentences,I use 'elevate' in a simple sentence.
eligible,memenuhi syarat,beginner,Basic Sentences,I use 'eligible' in a simple sentence.
eliminate,menghapuskan,beginner,Basic Sentences,I use 'eliminate' in a simple sentence.
elite,elite,beginner,Basic Sentences,I use 'elite' in a simple sentence.
embark,memulai,beginner,Basic Sentences,I use 'embark' in a simple sentence.
embassy,kedutaan,beginner,Basic Sentences,I use 'embassy' in a simple sentence.
embed,menanamkan,beginner,Basic Sentences,I use 'embed' in a simple sentence.
embody,mewujudkan,beginner,Basic Sentences,I use 'embody' in a simple sentence.
embrace,merangkul,beginner,Basic Sentences,I use 'embrace' in a simple sentence.
emergence,munculnya,beginner,Basic Sentences,I use 'emergence' in a simple sentence.
emission,emisi,beginner,Basic Sentences,I use 'emission' in a simple sentence.
empire,kerajaan,beginner,Basic Sentences,I use 'empire' in a simple sentence.
empirical,empiris,beginner,Basic Sentences,I use 'empirical' in a simple sentence.
empower,memberdayakan,beginner,Basic Sentences,I use 'empower' in a simple sentence.
enact,menetapkan,beginner,Basic Sentences,I use 'enact' in a simple sentence.
encompass,mencakup,beginner,Basic Sentences,I use 'encompass' in a simple sentence.
endeavour,berusaha keras,beginner,Basic Sentences,I use 'endeavour' in a simple sentence.
endless,tak ada habisnya,beginner,Basic Sentences,I use 'endless' in a simple sentence.
endorse,mendukung,beginner,Basic Sentences,I use 'endorse' in a simple sentence.
endure,menderita,beginner,Basic Sentences,I use 'endure' in a simple sentence.
enforce,melaksanakan,beginner,Basic Sentences,I use 'enforce' in a simple sentence.
engagement,pertunangan,beginner,Basic Sentences,I use 'engagement' in a simple sentence.
engaging,menarik,beginner,Basic Sentences,I use 'engaging' in a simple sentence.
enjoyable,menyenangkan,beginner,Basic Sentences,I use 'enjoyable' in a simple sentence.
enquire,menanyakan,beginner,Basic Sentences,I use 'enquire' in a simple sentence.
enrich,memperkaya,beginner,Basic Sentences,I use 'enrich' in a simple sentence.
enrol,mendaftar,beginner,Basic Sentences,I use 'enrol' in a simple sentence.
ensue,terjadi,beginner,Basic Sentences,I use 'ensue' in a simple sentence.
enterprise,perusahaan,beginner,Basic Sentences,I use 'enterprise' in a simple sentence.
enthusiast,penggemar,beginner,Basic Sentences,I use 'enthusiast' in a simple sentence.
entitle,berhak,beginner,Basic Sentences,I use 'entitle' in a simple sentence.
entity,kesatuan,beginner,Basic Sentences,I use 'entity' in a simple sentence.
envelope,amplop,beginner,Basic Sentences,I use 'envelope' in a simple sentence.
epidemic,epidemi,beginner,Basic Sentences,I use 'epidemic' in a simple sentence.
equality,persamaan,beginner,Basic Sentences,I use 'equality' in a simple sentence.
equation,persamaan,beginner,Basic Sentences,I use 'equation' in a simple sentence.
equip,melengkapi,beginner,Basic Sentences,I use 'equip' in a simple sentence.
equivalent,setara,beginner,Basic Sentences,I use 'equivalent' in a simple sentence.
era,era,beginner,Basic Sentences,I use 'era' in a simple sentence.
erect,tegak,beginner,Basic Sentences,I use 'erect' in a simple sentence.
erupt,meletus,beginner,Basic Sentences,I use 'erupt' in a simple sentence.
escalate,meningkatkan,beginner,Basic Sentences,I use 'escalate' in a simple sentence.
essence,esensi,beginner,Basic Sentences,I use 'essence' in a simple sentence.
eternal,abadi,beginner,Basic Sentences,I use 'eternal' in a simple sentence.
ethic,etika,beginner,Basic Sentences,I use 'ethic' in a simple sentence.
ethnic,etnis,beginner,Basic Sentences,I use 'ethnic' in a simple sentence.
evacuate,evakuasi,beginner,Basic Sentences,I use 'evacuate' in a simple sentence.
evaluation,evaluasi,beginner,Basic Sentences,I use 'evaluation' in a simple sentence.
evident,jelas,beginner,Basic Sentences,I use 'evident' in a simple sentence.
evoke,membangkitkan,beginner,Basic Sentences,I use 'evoke' in a simple sentence.
evolution,evolusi,beginner,Basic Sentences,I use 'evolution' in a simple sentence.
evolve,berkembang,beginner,Basic Sentences,I use 'evolve' in a simple sentence.
exaggerate,berlebihan,beginner,Basic Sentences,I use 'exaggerate' in a simple sentence.
exceed,melampaui,beginner,Basic Sentences,I use 'exceed' in a simple sentence.
excellence,keunggulan,beginner,Basic Sentences,I use 'excellence' in a simple sentence.
exception,pengecualian,beginner,Basic Sentences,I use 'exception' in a simple sentence.
excess,kelebihan,beginner,Basic Sentences,I use 'excess' in a simple sentence.
excessive,berlebihan,beginner,Basic Sentences,I use 'excessive' in a simple sentence.
exclude,mengecualikan,beginner,Basic Sentences,I use 'exclude' in a simple sentence.
exclusion,pengecualian,beginner,Basic Sentences,I use 'exclusion' in a simple sentence.
exclusive,eksklusif,beginner,Basic Sentences,I use 'exclusive' in a simple sentence.
execute,menjalankan,beginner,Basic Sentences,I use 'execute' in a simple sentence.
execution,eksekusi,beginner,Basic Sentences,I use 'execution' in a simple sentence.
exert,menggunakan,beginner,Basic Sentences,I use 'exert' in a simple sentence.
exhibit,pameran,beginner,Basic Sentences,I use 'exhibit' in a simple sentence.
exile,mengasingkan,beginner,Basic Sentences,I use 'exile' in a simple sentence.
exit,KELUAR,beginner,Basic Sentences,I use 'exit' in a simple sentence.
exotic,eksotik,beginner,Basic Sentences,I use 'exotic' in a simple sentence.
expansion,ekspansi,beginner,Basic Sentences,I use 'expansion' in a simple sentence.
expertise,keahlian,beginner,Basic Sentences,I use 'expertise' in a simple sentence.
expire,berakhir,beginner,Basic Sentences,I use 'expire' in a simple sentence.
explicit,eksplisit,beginner,Basic Sentences,I use 'explicit' in a simple sentence.
explicitly,secara eksplisit,beginner,Basic Sentences,I use 'explicitly' in a simple sentence.
exploit,mengeksploitasi,beginner,Basic Sentences,I use 'exploit' in a simple sentence.
explosive,eksplosif,beginner,Basic Sentences,I use 'explosive' in a simple sentence.
exposure,paparan,beginner,Basic Sentences,I use 'exposure' in a simple sentence.
extension,perpanjangan,beginner,Basic Sentences,I use 'extension' in a simple sentence.
extensive,luas,beginner,Basic Sentences,I use 'extensive' in a simple sentence.
extract,ekstrak,beginner,Basic Sentences,I use 'extract' in a simple sentence.
extremist,ekstremis,beginner,Basic Sentences,I use 'extremist' in a simple sentence.
fabric,kain,beginner,Basic Sentences,I use 'fabric' in a simple sentence.
fabulous,sangat menyenangkan,beginner,Basic Sentences,I use 'fabulous' in a simple sentence.
facilitate,memudahkan,beginner,Basic Sentences,I use 'facilitate' in a simple sentence.
faction,fraksi,beginner,Basic Sentences,I use 'faction' in a simple sentence.
faculty,fakultas,beginner,Basic Sentences,I use 'faculty' in a simple sentence.
fade,memudar,beginner,Basic Sentences,I use 'fade' in a simple sentence.
failed,gagal,beginner,Basic Sentences,I use 'failed' in a simple sentence.
fairness,keadilan,beginner,Basic Sentences,I use 'fairness' in a simple sentence.
fake,palsu,beginner,Basic Sentences,I use 'fake' in a simple sentence.
fame,popularitas,beginner,Basic Sentences,I use 'fame' in a simple sentence.
fantasy,fantasi,beginner,Basic Sentences,I use 'fantasy' in a simple sentence.
fare,tarif,beginner,Basic Sentences,I use 'fare' in a simple sentence.
fatal,fatal,beginner,Basic Sentences,I use 'fatal' in a simple sentence.
fate,takdir,beginner,Basic Sentences,I use 'fate' in a simple sentence.
favourable,baik,beginner,Basic Sentences,I use 'favourable' in a simple sentence.
feat,prestasi,beginner,Basic Sentences,I use 'feat' in a simple sentence.
federal,federal,beginner,Basic Sentences,I use 'federal' in a simple sentence.
feeding,makanan,beginner,Basic Sentences,I use 'feeding' in a simple sentence.
feminist,feminis,beginner,Basic Sentences,I use 'feminist' in a simple sentence.
fever,demam,beginner,Basic Sentences,I use 'fever' in a simple sentence.
fibre,serat,beginner,Basic Sentences,I use 'fibre' in a simple sentence.
fierce,garang,beginner,Basic Sentences,I use 'fierce' in a simple sentence.
filter,menyaring,beginner,Basic Sentences,I use 'filter' in a simple sentence.
fine,Bagus,beginner,Basic Sentences,I use 'fine' in a simple sentence.
firearm,senjata api,beginner,Basic Sentences,I use 'firearm' in a simple sentence.
firework,kembang api,beginner,Basic Sentences,I use 'firework' in a simple sentence.
firm,tegas,beginner,Basic Sentences,I use 'firm' in a simple sentence.
firmly,dengan tegas,beginner,Basic Sentences,I use 'firmly' in a simple sentence.
fit,bugar,beginner,Basic Sentences,I use 'fit' in a simple sentence.
fixture,perlengkapan,beginner,Basic Sentences,I use 'fixture' in a simple sentence.
flavour,rasa,beginner,Basic Sentences,I use 'flavour' in a simple sentence.
flaw,kekurangan,beginner,Basic Sentences,I use 'flaw' in a simple sentence.
flawed,cacat,beginner,Basic Sentences,I use 'flawed' in a simple sentence.
flee,kabur,beginner,Basic Sentences,I use 'flee' in a simple sentence.
fleet,armada,beginner,Basic Sentences,I use 'fleet' in a simple sentence.
flesh,daging,beginner,Basic Sentences,I use 'flesh' in a simple sentence.
flourish,berkembang,beginner,Basic Sentences,I use 'flourish' in a simple sentence.
fluid,cairan,beginner,Basic Sentences,I use 'fluid' in a simple sentence.
fond,menyukai,beginner,Basic Sentences,I use 'fond' in a simple sentence.
fool,bodoh,beginner,Basic Sentences,I use 'fool' in a simple sentence.
footage,rekaman,beginner,Basic Sentences,I use 'footage' in a simple sentence.
forbid,melarang,beginner,Basic Sentences,I use 'forbid' in a simple sentence.
forecast,ramalan,beginner,Basic Sentences,I use 'forecast' in a simple sentence.
foreigner,orang asing,beginner,Basic Sentences,I use 'foreigner' in a simple sentence.
forge,menempa,beginner,Basic Sentences,I use 'forge' in a simple sentence.
format,format,beginner,Basic Sentences,I use 'format' in a simple sentence.
formation,pembentukan,beginner,Basic Sentences,I use 'formation' in a simple sentence.
formerly,dahulu,beginner,Basic Sentences,I use 'formerly' in a simple sentence.
formula,rumus,beginner,Basic Sentences,I use 'formula' in a simple sentence.
formulate,merumuskan,beginner,Basic Sentences,I use 'formulate' in a simple sentence.
forth,seterusnya,beginner,Basic Sentences,I use 'forth' in a simple sentence.
fortunate,beruntung,beginner,Basic Sentences,I use 'fortunate' in a simple sentence.
forum,forum,beginner,Basic Sentences,I use 'forum' in a simple sentence.
fossil,fosil,beginner,Basic Sentences,I use 'fossil' in a simple sentence.
foster,mengasuh,beginner,Basic Sentences,I use 'foster' in a simple sentence.
foundation,dasar,beginner,Basic Sentences,I use 'foundation' in a simple sentence.
founder,pendiri,beginner,Basic Sentences,I use 'founder' in a simple sentence.
fraction,pecahan,beginner,Basic Sentences,I use 'fraction' in a simple sentence.
fragile,rentan,beginner,Basic Sentences,I use 'fragile' in a simple sentence.
fragment,fragmen,beginner,Basic Sentences,I use 'fragment' in a simple sentence.
framework,kerangka,beginner,Basic Sentences,I use 'framework' in a simple sentence.
franchise,waralaba,beginner,Basic Sentences,I use 'franchise' in a simple sentence.
frankly,terus terang,beginner,Basic Sentences,I use 'frankly' in a simple sentence.
fraud,tipuan,beginner,Basic Sentences,I use 'fraud' in a simple sentence.
freely,dengan bebas,beginner,Basic Sentences,I use 'freely' in a simple sentence.
frequent,sering,beginner,Basic Sentences,I use 'frequent' in a simple sentence.
frustrated,frustrasi,beginner,Basic Sentences,I use 'frustrated' in a simple sentence.
fulfil,memenuhi,beginner,Basic Sentences,I use 'fulfil' in a simple sentence.
functional,fungsional,beginner,Basic Sentences,I use 'functional' in a simple sentence.
funeral,pemakaman,beginner,Basic Sentences,I use 'funeral' in a simple sentence.
furious,sangat marah,beginner,Basic Sentences,I use 'furious' in a simple sentence.
gallon,galon,beginner,Basic Sentences,I use 'gallon' in a simple sentence.
gambling,berjudi,beginner,Basic Sentences,I use 'gambling' in a simple sentence.
gaming,bermain game,beginner,Basic Sentences,I use 'gaming' in a simple sentence.
gathering,mengumpulkan,beginner,Basic Sentences,I use 'gathering' in a simple sentence.
gay,homo,beginner,Basic Sentences,I use 'gay' in a simple sentence.
gaze,tatapan,beginner,Basic Sentences,I use 'gaze' in a simple sentence.
gear,gigi,beginner,Basic Sentences,I use 'gear' in a simple sentence.
gender,jenis kelamin,beginner,Basic Sentences,I use 'gender' in a simple sentence.
gene,gen,beginner,Basic Sentences,I use 'gene' in a simple sentence.
generic,umum,beginner,Basic Sentences,I use 'generic' in a simple sentence.
genetic,genetik,beginner,Basic Sentences,I use 'genetic' in a simple sentence.
genius,jenius,beginner,Basic Sentences,I use 'genius' in a simple sentence.
genocide,genosida,beginner,Basic Sentences,I use 'genocide' in a simple sentence.
genuine,asli,beginner,Basic Sentences,I use 'genuine' in a simple sentence.
genuinely,benar-benar,beginner,Basic Sentences,I use 'genuinely' in a simple sentence.
gesture,sikap,beginner,Basic Sentences,I use 'gesture' in a simple sentence.
gig,dokar,beginner,Basic Sentences,I use 'gig' in a simple sentence.
glance,lirikan,beginner,Basic Sentences,I use 'glance' in a simple sentence.
glimpse,melihat sekilas,beginner,Basic Sentences,I use 'glimpse' in a simple sentence.
globe,bola dunia,beginner,Basic Sentences,I use 'globe' in a simple sentence.
glorious,mulia,beginner,Basic Sentences,I use 'glorious' in a simple sentence.
glory,kejayaan,beginner,Basic Sentences,I use 'glory' in a simple sentence.
golden,keemasan,beginner,Basic Sentences,I use 'golden' in a simple sentence.
goodness,kebaikan,beginner,Basic Sentences,I use 'goodness' in a simple sentence.
gorgeous,sangat indah,beginner,Basic Sentences,I use 'gorgeous' in a simple sentence.
governance,pemerintahan,beginner,Basic Sentences,I use 'governance' in a simple sentence.
governor,gubernur,beginner,Basic Sentences,I use 'governor' in a simple sentence.
grace,berkah,beginner,Basic Sentences,I use 'grace' in a simple sentence.
graphic,grafis,beginner,Basic Sentences,I use 'graphic' in a simple sentence.
graphics,grafis,beginner,Basic Sentences,I use 'graphics' in a simple sentence.
grasp,mencengkeram,beginner,Basic Sentences,I use 'grasp' in a simple sentence.
grave,kuburan,beginner,Basic Sentences,I use 'grave' in a simple sentence.
gravity,gaya berat,beginner,Basic Sentences,I use 'gravity' in a simple sentence.
greatly,sangat,beginner,Basic Sentences,I use 'greatly' in a simple sentence.
greenhouse,rumah kaca,beginner,Basic Sentences,I use 'greenhouse' in a simple sentence.
grid,jaringan,beginner,Basic Sentences,I use 'grid' in a simple sentence.
grief,duka,beginner,Basic Sentences,I use 'grief' in a simple sentence.
grin,menyeringai,beginner,Basic Sentences,I use 'grin' in a simple sentence.
grind,menggiling,beginner,Basic Sentences,I use 'grind' in a simple sentence.
grip,pegangan,beginner,Basic Sentences,I use 'grip' in a simple sentence.
grocery,kebutuhan sehari-hari,beginner,Basic Sentences,I use 'grocery' in a simple sentence.
guerrilla,gerilya,beginner,Basic Sentences,I use 'guerrilla' in a simple sentence.
guidance,panduan,beginner,Basic Sentences,I use 'guidance' in a simple sentence.
guideline,pedoman,beginner,Basic Sentences,I use 'guideline' in a simple sentence.
guilt,kesalahan,beginner,Basic Sentences,I use 'guilt' in a simple sentence.
gut,usus,beginner,Basic Sentences,I use 'gut' in a simple sentence.
habitat,habitat,beginner,Basic Sentences,I use 'habitat' in a simple sentence.
hail,memanggil,beginner,Basic Sentences,I use 'hail' in a simple sentence.
halfway,setengah jalan,beginner,Basic Sentences,I use 'halfway' in a simple sentence.
halt,berhenti,beginner,Basic Sentences,I use 'halt' in a simple sentence.
handful,segenggam,beginner,Basic Sentences,I use 'handful' in a simple sentence.
handling,penanganan,beginner,Basic Sentences,I use 'handling' in a simple sentence.
handy,berguna,beginner,Basic Sentences,I use 'handy' in a simple sentence.
harassment,gangguan,beginner,Basic Sentences,I use 'harassment' in a simple sentence.
harbour,pelabuhan,beginner,Basic Sentences,I use 'harbour' in a simple sentence.
hardware,perangkat keras,beginner,Basic Sentences,I use 'hardware' in a simple sentence.
harmony,harmoni,beginner,Basic Sentences,I use 'harmony' in a simple sentence.
harsh,kasar,beginner,Basic Sentences,I use 'harsh' in a simple sentence.
harvest,memanen,beginner,Basic Sentences,I use 'harvest' in a simple sentence.
hatred,kebencian,beginner,Basic Sentences,I use 'hatred' in a simple sentence.
haunt,menghantui,beginner,Basic Sentences,I use 'haunt' in a simple sentence.
hazard,bahaya,beginner,Basic Sentences,I use 'hazard' in a simple sentence.
heal,sembuh,beginner,Basic Sentences,I use 'heal' in a simple sentence.
healthcare,kesehatan,beginner,Basic Sentences,I use 'healthcare' in a simple sentence.
heighten,mempertinggi,beginner,Basic Sentences,I use 'heighten' in a simple sentence.
helmet,helm,beginner,Basic Sentences,I use 'helmet' in a simple sentence.
hence,karena itu,beginner,Basic Sentences,I use 'hence' in a simple sentence.
herb,herba,beginner,Basic Sentences,I use 'herb' in a simple sentence.
heritage,warisan,beginner,Basic Sentences,I use 'heritage' in a simple sentence.
hidden,tersembunyi,beginner,Basic Sentences,I use 'hidden' in a simple sentence.
hierarchy,hirarki,beginner,Basic Sentences,I use 'hierarchy' in a simple sentence.
highway,jalan raya,beginner,Basic Sentences,I use 'highway' in a simple sentence.
hilarious,lucu sekali,beginner,Basic Sentences,I use 'hilarious' in a simple sentence.
hint,petunjuk,beginner,Basic Sentences,I use 'hint' in a simple sentence.
hip,panggul,beginner,Basic Sentences,I use 'hip' in a simple sentence.
historian,sejarawan,beginner,Basic Sentences,I use 'historian' in a simple sentence.
homeland,tanah air,beginner,Basic Sentences,I use 'homeland' in a simple sentence.
homeless,tunawisma,beginner,Basic Sentences,I use 'homeless' in a simple sentence.
honesty,kejujuran,beginner,Basic Sentences,I use 'honesty' in a simple sentence.
hook,kait,beginner,Basic Sentences,I use 'hook' in a simple sentence.
hopeful,penuh harapan,beginner,Basic Sentences,I use 'hopeful' in a simple sentence.
hopefully,semoga,beginner,Basic Sentences,I use 'hopefully' in a simple sentence.
horizon,horison,beginner,Basic Sentences,I use 'horizon' in a simple sentence.
horn,klakson,beginner,Basic Sentences,I use 'horn' in a simple sentence.
hostage,sandera,beginner,Basic Sentences,I use 'hostage' in a simple sentence.
hostile,agresif,beginner,Basic Sentences,I use 'hostile' in a simple sentence.
hostility,permusuhan,beginner,Basic Sentences,I use 'hostility' in a simple sentence.
humanity,kemanusiaan,beginner,Basic Sentences,I use 'humanity' in a simple sentence.
humble,rendah hati,beginner,Basic Sentences,I use 'humble' in a simple sentence.
hunger,kelaparan,beginner,Basic Sentences,I use 'hunger' in a simple sentence.
hydrogen,hidrogen,beginner,Basic Sentences,I use 'hydrogen' in a simple sentence.
hypothesis,hipotesa,beginner,Basic Sentences,I use 'hypothesis' in a simple sentence.
icon,ikon,beginner,Basic Sentences,I use 'icon' in a simple sentence.
identical,identik,beginner,Basic Sentences,I use 'identical' in a simple sentence.
ideology,ideologi,beginner,Basic Sentences,I use 'ideology' in a simple sentence.
idiot,bodoh,beginner,Daily Conversation,I say 'idiot' in daily conversation.
ignorance,ketidaktahuan,beginner,Daily Conversation,I say 'ignorance' in daily conversation.
illusion,ilusi,beginner,Daily Conversation,I say 'illusion' in daily conversation.
imagery,perumpamaan,beginner,Daily Conversation,I say 'imagery' in daily conversation.
immense,sangat luas,beginner,Daily Conversation,I say 'immense' in daily conversation.
imminent,dekat,beginner,Daily Conversation,I say 'imminent' in daily conversation.
immune,imun,beginner,Daily Conversation,I say 'immune' in daily conversation.
implement,melaksanakan,beginner,Daily Conversation,I say 'implement' in daily conversation.
imprison,memenjarakan,beginner,Daily Conversation,I say 'imprison' in daily conversation.
inability,ketidakmampuan,beginner,Daily Conversation,I say 'inability' in daily conversation.
inadequate,tidak memadai,beginner,Daily Conversation,I say 'inadequate' in daily conversation.
incentive,insentif,beginner,Daily Conversation,I say 'incentive' in daily conversation.
incidence,insidensi,beginner,Daily Conversation,I say 'incidence' in daily conversation.
inclined,cenderung,beginner,Daily Conversation,I say 'inclined' in daily conversation.
inclusion,penyertaan,beginner,Daily Conversation,I say 'inclusion' in daily conversation.
incorrect,salah,beginner,Daily Conversation,I say 'incorrect' in daily conversation.
incur,mendatangkan,beginner,Daily Conversation,I say 'incur' in daily conversation.
index,indeks,beginner,Daily Conversation,I say 'index' in daily conversation.
indication,indikasi,beginner,Daily Conversation,I say 'indication' in daily conversation.
indicator,indikator,beginner,Daily Conversation,I say 'indicator' in daily conversation.
indictment,dakwaan,beginner,Daily Conversation,I say 'indictment' in daily conversation.
indigenous,asli,beginner,Daily Conversation,I say 'indigenous' in daily conversation.
induce,menyebabkan,beginner,Daily Conversation,I say 'induce' in daily conversation.
indulge,memanjakan,beginner,Daily Conversation,I say 'indulge' in daily conversation.
inequality,ketidaksamaan,beginner,Daily Conversation,I say 'inequality' in daily conversation.
inevitable,tidak bisa dihindari,beginner,Daily Conversation,I say 'inevitable' in daily conversation.
infamous,terkenal,beginner,Daily Conversation,I say 'infamous' in daily conversation.
infant,bayi,beginner,Daily Conversation,I say 'infant' in daily conversation.
infect,menulari,beginner,Daily Conversation,I say 'infect' in daily conversation.
infer,menyimpulkan,beginner,Daily Conversation,I say 'infer' in daily conversation.
inflation,inflasi,beginner,Daily Conversation,I say 'inflation' in daily conversation.
inflict,menimbulkan,beginner,Daily Conversation,I say 'inflict' in daily conversation.
info,info,beginner,Daily Conversation,I say 'info' in daily conversation.
inhabitant,penduduk,beginner,Daily Conversation,I say 'inhabitant' in daily conversation.
inherent,inheren,beginner,Daily Conversation,I say 'inherent' in daily conversation.
inherit,mewarisi,beginner,Daily Conversation,I say 'inherit' in daily conversation.
inhibit,menghalangi,beginner,Daily Conversation,I say 'inhibit' in daily conversation.
initiate,memulai,beginner,Daily Conversation,I say 'initiate' in daily conversation.
inject,menyuntikkan,beginner,Daily Conversation,I say 'inject' in daily conversation.
injection,injeksi,beginner,Daily Conversation,I say 'injection' in daily conversation.
injustice,ketidakadilan,beginner,Daily Conversation,I say 'injustice' in daily conversation.
ink,tinta,beginner,Daily Conversation,I say 'ink' in daily conversation.
inmate,tahanan,beginner,Daily Conversation,I say 'inmate' in daily conversation.
innovation,inovasi,beginner,Daily Conversation,I say 'innovation' in daily conversation.
innovative,inovatif,beginner,Daily Conversation,I say 'innovative' in daily conversation.
input,masukan,beginner,Daily Conversation,I say 'input' in daily conversation.
insert,menyisipkan,beginner,Daily Conversation,I say 'insert' in daily conversation.
insertion,insersi,beginner,Daily Conversation,I say 'insertion' in daily conversation.
insider,orang dalam,beginner,Daily Conversation,I say 'insider' in daily conversation.
inspect,memeriksa,beginner,Daily Conversation,I say 'inspect' in daily conversation.
inspection,inspeksi,beginner,Daily Conversation,I say 'inspection' in daily conversation.
inspector,inspektur,beginner,Daily Conversation,I say 'inspector' in daily conversation.
instant,instan,beginner,Daily Conversation,I say 'instant' in daily conversation.
instantly,segera,beginner,Daily Conversation,I say 'instantly' in daily conversation.
instinct,naluri,beginner,Daily Conversation,I say 'instinct' in daily conversation.
instruct,menginstruksikan,beginner,Daily Conversation,I say 'instruct' in daily conversation.
insult,menyinggung,beginner,Daily Conversation,I say 'insult' in daily conversation.
intact,utuh,beginner,Daily Conversation,I say 'intact' in daily conversation.
intake,asupan,beginner,Daily Conversation,I say 'intake' in daily conversation.
integral,integral,beginner,Daily Conversation,I say 'integral' in daily conversation.
integrate,mengintegrasikan,beginner,Daily Conversation,I say 'integrate' in daily conversation.
integrated,terintegrasi,beginner,Daily Conversation,I say 'integrated' in daily conversation.
integrity,integritas,beginner,Daily Conversation,I say 'integrity' in daily conversation.
intensify,mengintensifkan,beginner,Daily Conversation,I say 'intensify' in daily conversation.
intensity,intensitas,beginner,Daily Conversation,I say 'intensity' in daily conversation.
intensive,intensif,beginner,Daily Conversation,I say 'intensive' in daily conversation.
intent,maksud,beginner,Daily Conversation,I say 'intent' in daily conversation.
interact,berinteraksi,beginner,Daily Conversation,I say 'interact' in daily conversation.
interface,antarmuka,beginner,Daily Conversation,I say 'interface' in daily conversation.
interfere,mengganggu,beginner,Daily Conversation,I say 'interfere' in daily conversation.
interim,interim,beginner,Daily Conversation,I say 'interim' in daily conversation.
interior,pedalaman,beginner,Daily Conversation,I say 'interior' in daily conversation.
interval,selang,beginner,Daily Conversation,I say 'interval' in daily conversation.
intervene,campur tangan,beginner,Daily Conversation,I say 'intervene' in daily conversation.
intimate,intim,beginner,Daily Conversation,I say 'intimate' in daily conversation.
intriguing,membuat penasaran,beginner,Daily Conversation,I say 'intriguing' in daily conversation.
invade,menyerbu,beginner,Daily Conversation,I say 'invade' in daily conversation.
invasion,invasi,beginner,Daily Conversation,I say 'invasion' in daily conversation.
investor,investor,beginner,Daily Conversation,I say 'investor' in daily conversation.
invisible,tak terlihat,beginner,Daily Conversation,I say 'invisible' in daily conversation.
invoke,memohon,beginner,Daily Conversation,I say 'invoke' in daily conversation.
ironic,ironis,beginner,Daily Conversation,I say 'ironic' in daily conversation.
ironically,ironisnya,beginner,Daily Conversation,I say 'ironically' in daily conversation.
irony,ironi,beginner,Daily Conversation,I say 'irony' in daily conversation.
irrelevant,tidak relevan,beginner,Daily Conversation,I say 'irrelevant' in daily conversation.
isolate,memisahkan,beginner,Daily Conversation,I say 'isolate' in daily conversation.
isolated,terpencil,beginner,Daily Conversation,I say 'isolated' in daily conversation.
isolation,isolasi,beginner,Daily Conversation,I say 'isolation' in daily conversation.
jail,penjara,beginner,Daily Conversation,I say 'jail' in daily conversation.
jet,jet,beginner,Daily Conversation,I say 'jet' in daily conversation.
joint,persendian,beginner,Daily Conversation,I say 'joint' in daily conversation.
journalism,jurnalistik,beginner,Daily Conversation,I say 'journalism' in daily conversation.
judicial,yudisial,beginner,Daily Conversation,I say 'judicial' in daily conversation.
junction,persimpangan,beginner,Daily Conversation,I say 'junction' in daily conversation.
jury,juri,beginner,Daily Conversation,I say 'jury' in daily conversation.
just,hanya,beginner,Daily Conversation,I say 'just' in daily conversation.
kidnap,menculik,beginner,Daily Conversation,I say 'kidnap' in daily conversation.
kidney,ginjal,beginner,Daily Conversation,I say 'kidney' in daily conversation.
kingdom,kerajaan,beginner,Daily Conversation,I say 'kingdom' in daily conversation.
kit,perlengkapan,beginner,Daily Conversation,I say 'kit' in daily conversation.
lad,anak laki-laki,beginner,Daily Conversation,I say 'lad' in daily conversation.
ladder,tangga,beginner,Daily Conversation,I say 'ladder' in daily conversation.
landing,pendaratan,beginner,Daily Conversation,I say 'landing' in daily conversation.
landlord,tuan tanah,beginner,Daily Conversation,I say 'landlord' in daily conversation.
landmark,landmark,beginner,Daily Conversation,I say 'landmark' in daily conversation.
lane,jalur,beginner,Daily Conversation,I say 'lane' in daily conversation.
lap,pangkuan,beginner,Daily Conversation,I say 'lap' in daily conversation.
laser,laser,beginner,Daily Conversation,I say 'laser' in daily conversation.
lately,akhir-akhir ini,beginner,Daily Conversation,I say 'lately' in daily conversation.
latter,yang terakhir,beginner,Daily Conversation,I say 'latter' in daily conversation.
lawn,halaman rumput,beginner,Daily Conversation,I say 'lawn' in daily conversation.
lawsuit,gugatan,beginner,Daily Conversation,I say 'lawsuit' in daily conversation.
layout,tata letak,beginner,Daily Conversation,I say 'layout' in daily conversation.
leaflet,selebaran,beginner,Daily Conversation,I say 'leaflet' in daily conversation.
leak,bocor,beginner,Daily Conversation,I say 'leak' in daily conversation.
leap,melompat,beginner,Daily Conversation,I say 'leap' in daily conversation.
legacy,warisan,beginner,Daily Conversation,I say 'legacy' in daily conversation.
legend,legenda,beginner,Daily Conversation,I say 'legend' in daily conversation.
legendary,legendaris,beginner,Daily Conversation,I say 'legendary' in daily conversation.
legitimate,sah,beginner,Daily Conversation,I say 'legitimate' in daily conversation.
lengthy,panjang,beginner,Daily Conversation,I say 'lengthy' in daily conversation.
lens,lensa,beginner,Daily Conversation,I say 'lens' in daily conversation.
lesbian,lesbian,beginner,Daily Conversation,I say 'lesbian' in daily conversation.
lesser,lebih rendah,beginner,Daily Conversation,I say 'lesser' in daily conversation.
lethal,letal,beginner,Daily Conversation,I say 'lethal' in daily conversation.
liable,bertanggung jawab,beginner,Daily Conversation,I say 'liable' in daily conversation.
liberal,liberal,beginner,Daily Conversation,I say 'liberal' in daily conversation.
liberation,pembebasan,beginner,Daily Conversation,I say 'liberation' in daily conversation.
liberty,kebebasan,beginner,Daily Conversation,I say 'liberty' in daily conversation.
license,lisensi,beginner,Daily Conversation,I say 'license' in daily conversation.
lifelong,kekal,beginner,Daily Conversation,I say 'lifelong' in daily conversation.
lifetime,seumur hidup,beginner,Daily Conversation,I say 'lifetime' in daily conversation.
lighting,penerangan,beginner,Daily Conversation,I say 'lighting' in daily conversation.
likelihood,kemungkinan,beginner,Daily Conversation,I say 'likelihood' in daily conversation.
likewise,juga,beginner,Daily Conversation,I say 'likewise' in daily conversation.
limb,dahan,beginner,Daily Conversation,I say 'limb' in daily conversation.
limitation,keterbatasan,beginner,Daily Conversation,I say 'limitation' in daily conversation.
linear,linier,beginner,Daily Conversation,I say 'linear' in daily conversation.
linger,masih tertinggal,beginner,Daily Conversation,I say 'linger' in daily conversation.
listing,daftar,beginner,Daily Conversation,I say 'listing' in daily conversation.
literacy,literasi,beginner,Daily Conversation,I say 'literacy' in daily conversation.
literally,secara harfiah,beginner,Daily Conversation,I say 'literally' in daily conversation.
literary,literer,beginner,Daily Conversation,I say 'literary' in daily conversation.
litre,liter,beginner,Daily Conversation,I say 'litre' in daily conversation.
litter,sampah,beginner,Daily Conversation,I say 'litter' in daily conversation.
liver,hati,beginner,Daily Conversation,I say 'liver' in daily conversation.
lobby,lobi,beginner,Daily Conversation,I say 'lobby' in daily conversation.
log,mencatat,beginner,Daily Conversation,I say 'log' in daily conversation.
logic,logika,beginner,Daily Conversation,I say 'logic' in daily conversation.
logo,logo,beginner,Daily Conversation,I say 'logo' in daily conversation.
loom,mesin tenun,beginner,Daily Conversation,I say 'loom' in daily conversation.
loop,lingkaran,beginner,Daily Conversation,I say 'loop' in daily conversation.
lottery,lotere,beginner,Daily Conversation,I say 'lottery' in daily conversation.
loyal,setia,beginner,Daily Conversation,I say 'loyal' in daily conversation.
loyalty,loyalitas,beginner,Daily Conversation,I say 'loyalty' in daily conversation.
lyric,liris,beginner,Daily Conversation,I say 'lyric' in daily conversation.
machinery,mesin,beginner,Daily Conversation,I say 'machinery' in daily conversation.
magical,gaib,beginner,Daily Conversation,I say 'magical' in daily conversation.
magistrate,hakim,beginner,Daily Conversation,I say 'magistrate' in daily conversation.
magnetic,bersifat magnetis,beginner,Daily Conversation,I say 'magnetic' in daily conversation.
magnitude,besarnya,beginner,Daily Conversation,I say 'magnitude' in daily conversation.
mainland,daratan,beginner,Daily Conversation,I say 'mainland' in daily conversation.
mainstream,arus utama,beginner,Daily Conversation,I say 'mainstream' in daily conversation.
major,besar,beginner,Daily Conversation,I say 'major' in daily conversation.
making,membuat,beginner,Daily Conversation,I say 'making' in daily conversation.
mandate,mandat,beginner,Daily Conversation,I say 'mandate' in daily conversation.
mandatory,wajib,beginner,Daily Conversation,I say 'mandatory' in daily conversation.
manifest,tampak,beginner,Daily Conversation,I say 'manifest' in daily conversation.
manipulate,memanipulasi,beginner,Daily Conversation,I say 'manipulate' in daily conversation.
manuscript,naskah,beginner,Daily Conversation,I say 'manuscript' in daily conversation.
marathon,maraton,beginner,Daily Conversation,I say 'marathon' in daily conversation.
march,berbaris,beginner,Daily Conversation,I say 'march' in daily conversation.
margin,batas,beginner,Daily Conversation,I say 'margin' in daily conversation.
marginal,marginal,beginner,Daily Conversation,I say 'marginal' in daily conversation.
marine,laut,beginner,Daily Conversation,I say 'marine' in daily conversation.
marker,penanda,beginner,Daily Conversation,I say 'marker' in daily conversation.
martial,bela diri,beginner,Daily Conversation,I say 'martial' in daily conversation.
mask,masker,beginner,Daily Conversation,I say 'mask' in daily conversation.
massacre,pembantaian,beginner,Daily Conversation,I say 'massacre' in daily conversation.
mate,pasangan,beginner,Daily Conversation,I say 'mate' in daily conversation.
mature,dewasa,beginner,Daily Conversation,I say 'mature' in daily conversation.
maximize,maksimalkan,beginner,Daily Conversation,I say 'maximize' in daily conversation.
mayor,walikota,beginner,Daily Conversation,I say 'mayor' in daily conversation.
meaningful,berarti,beginner,Daily Conversation,I say 'meaningful' in daily conversation.
meantime,sementara itu,beginner,Daily Conversation,I say 'meantime' in daily conversation.
mechanic,montir,beginner,Daily Conversation,I say 'mechanic' in daily conversation.
mechanical,mekanis,beginner,Daily Conversation,I say 'mechanical' in daily conversation.
mechanism,mekanisme,beginner,Daily Conversation,I say 'mechanism' in daily conversation.
medal,medali,beginner,Daily Conversation,I say 'medal' in daily conversation.
medication,pengobatan,beginner,Daily Conversation,I say 'medication' in daily conversation.
medieval,pertengahan,beginner,Daily Conversation,I say 'medieval' in daily conversation.
meditation,meditasi,beginner,Daily Conversation,I say 'meditation' in daily conversation.
melody,melodi,beginner,Daily Conversation,I say 'melody' in daily conversation.
membership,keanggotaan,beginner,Daily Conversation,I say 'membership' in daily conversation.
memo,memo,beginner,Daily Conversation,I say 'memo' in daily conversation.
memoir,memoar,beginner,Daily Conversation,I say 'memoir' in daily conversation.
memorable,mudah diingat,beginner,Daily Conversation,I say 'memorable' in daily conversation.
memorial,peringatan,beginner,Daily Conversation,I say 'memorial' in daily conversation.
mentor,mentor,beginner,Daily Conversation,I say 'mentor' in daily conversation.
merchant,pedagang,beginner,Daily Conversation,I say 'merchant' in daily conversation.
mercy,belas kasihan,beginner,Daily Conversation,I say 'mercy' in daily conversation.
mere,belaka,beginner,Daily Conversation,I say 'mere' in daily conversation.
merely,hanya,beginner,Daily Conversation,I say 'merely' in daily conversation.
merge,menggabungkan,beginner,Daily Conversation,I say 'merge' in daily conversation.
merger,penggabungan,beginner,Daily Conversation,I say 'merger' in daily conversation.
merit,kemampuan,beginner,Daily Conversation,I say 'merit' in daily conversation.
metaphor,metafora,beginner,Daily Conversation,I say 'metaphor' in daily conversation.
midst,tengah,beginner,Daily Conversation,I say 'midst' in daily conversation.
migration,migrasi,beginner,Daily Conversation,I say 'migration' in daily conversation.
militant,militan,beginner,Daily Conversation,I say 'militant' in daily conversation.
militia,milisi,beginner,Daily Conversation,I say 'militia' in daily conversation.
mill,pabrik,beginner,Daily Conversation,I say 'mill' in daily conversation.
miner,buruh tambang,beginner,Daily Conversation,I say 'miner' in daily conversation.
minimal,minimal,beginner,Daily Conversation,I say 'minimal' in daily conversation.
minimize,memperkecil,beginner,Daily Conversation,I say 'minimize' in daily conversation.
mining,pertambangan,beginner,Daily Conversation,I say 'mining' in daily conversation.
ministry,kementerian,beginner,Daily Conversation,I say 'ministry' in daily conversation.
minute,menit,beginner,Daily Conversation,I say 'minute' in daily conversation.
miracle,keajaiban,beginner,Daily Conversation,I say 'miracle' in daily conversation.
miserable,menderita,beginner,Daily Conversation,I say 'miserable' in daily conversation.
misery,penderitaan,beginner,Daily Conversation,I say 'misery' in daily conversation.
misleading,menyesatkan,beginner,Daily Conversation,I say 'misleading' in daily conversation.
missile,misil,beginner,Daily Conversation,I say 'missile' in daily conversation.
mob,massa,beginner,Daily Conversation,I say 'mob' in daily conversation.
mobility,mobilitas,beginner,Daily Conversation,I say 'mobility' in daily conversation.
mobilize,mengerahkan,beginner,Daily Conversation,I say 'mobilize' in daily conversation.
mode,mode,beginner,Daily Conversation,I say 'mode' in daily conversation.
moderate,sedang,beginner,Daily Conversation,I say 'moderate' in daily conversation.
modest,sederhana,beginner,Daily Conversation,I say 'modest' in daily conversation.
momentum,momentum,beginner,Daily Conversation,I say 'momentum' in daily conversation.
monk,biarawan,beginner,Daily Conversation,I say 'monk' in daily conversation.
monopoly,monopoli,beginner,Daily Conversation,I say 'monopoly' in daily conversation.
monster,raksasa,beginner,Daily Conversation,I say 'monster' in daily conversation.
monthly,bulanan,beginner,Daily Conversation,I say 'monthly' in daily conversation.
monument,monumen,beginner,Daily Conversation,I say 'monument' in daily conversation.
morality,moralitas,beginner,Daily Conversation,I say 'morality' in daily conversation.
moreover,lebih-lebih lagi,beginner,Daily Conversation,I say 'moreover' in daily conversation.
mortgage,hipotek,beginner,Daily Conversation,I say 'mortgage' in daily conversation.
mosque,masjid,beginner,Daily Conversation,I say 'mosque' in daily conversation.
motion,gerakan,beginner,Daily Conversation,I say 'motion' in daily conversation.
motivate,mendorong,beginner,Daily Conversation,I say 'motivate' in daily conversation.
motivation,motivasi,beginner,Daily Conversation,I say 'motivation' in daily conversation.
motive,motif,beginner,Daily Conversation,I say 'motive' in daily conversation.
motorist,pengendara mobil,beginner,Daily Conversation,I say 'motorist' in daily conversation.
moving,bergerak,beginner,Daily Conversation,I say 'moving' in daily conversation.
municipal,kota,beginner,Daily Conversation,I say 'municipal' in daily conversation.
mutual,saling,beginner,Daily Conversation,I say 'mutual' in daily conversation.
myth,mitos,beginner,Daily Conversation,I say 'myth' in daily conversation.
naked,telanjang,beginner,Daily Conversation,I say 'naked' in daily conversation.
namely,yaitu,beginner,Daily Conversation,I say 'namely' in daily conversation.
nasty,tidak menyenangkan,beginner,Daily Conversation,I say 'nasty' in daily conversation.
nationwide,nasional,beginner,Daily Conversation,I say 'nationwide' in daily conversation.
naval,angkatan laut,beginner,Daily Conversation,I say 'naval' in daily conversation.
navigation,navigasi,beginner,Daily Conversation,I say 'navigation' in daily conversation.
nearby,di dekat sini,beginner,Daily Conversation,I say 'nearby' in daily conversation.
necessity,kebutuhan,beginner,Daily Conversation,I say 'necessity' in daily conversation.
neglect,menelantarkan,beginner,Daily Conversation,I say 'neglect' in daily conversation.
negotiate,berunding,beginner,Daily Conversation,I say 'negotiate' in daily conversation.
nest,sarang,beginner,Daily Conversation,I say 'nest' in daily conversation.
net,bersih,beginner,Daily Conversation,I say 'net' in daily conversation.
neutral,netral,beginner,Daily Conversation,I say 'neutral' in daily conversation.
newly,baru saja,beginner,Daily Conversation,I say 'newly' in daily conversation.
newsletter,buletin,beginner,Daily Conversation,I say 'newsletter' in daily conversation.
niche,ceruk,beginner,Daily Conversation,I say 'niche' in daily conversation.
noble,bangsawan,beginner,Daily Conversation,I say 'noble' in daily conversation.
nod,mengangguk,beginner,Daily Conversation,I say 'nod' in daily conversation.
nominate,mencalonkan,beginner,Daily Conversation,I say 'nominate' in daily conversation.
nomination,pencalonan,beginner,Daily Conversation,I say 'nomination' in daily conversation.
nominee,calon,beginner,Daily Conversation,I say 'nominee' in daily conversation.
nonsense,omong kosong,beginner,Daily Conversation,I say 'nonsense' in daily conversation.
noon,siang,beginner,Daily Conversation,I say 'noon' in daily conversation.
norm,norma,beginner,Daily Conversation,I say 'norm' in daily conversation.
notable,penting,beginner,Daily Conversation,I say 'notable' in daily conversation.
notably,terutama,beginner,Daily Conversation,I say 'notably' in daily conversation.
notebook,buku catatan,beginner,Daily Conversation,I say 'notebook' in daily conversation.
notify,memberitahu,beginner,Daily Conversation,I say 'notify' in daily conversation.
notorious,terkenal,beginner,Daily Conversation,I say 'notorious' in daily conversation.
novel,novel,beginner,Daily Conversation,I say 'novel' in daily conversation.
novelist,novelis,beginner,Daily Conversation,I say 'novelist' in daily conversation.
nowadays,dewasa ini,beginner,Daily Conversation,I say 'nowadays' in daily conversation.
nursery,kamar bayi,beginner,Daily Conversation,I say 'nursery' in daily conversation.
nursing,perawatan,beginner,Daily Conversation,I say 'nursing' in daily conversation.
nutrition,nutrisi,beginner,Daily Conversation,I say 'nutrition' in daily conversation.
obesity,kegemukan,beginner,Daily Conversation,I say 'obesity' in daily conversation.
objection,keberatan,beginner,Daily Conversation,I say 'objection' in daily conversation.
oblige,mewajibkan,beginner,Daily Conversation,I say 'oblige' in daily conversation.
observer,pengamat,beginner,Daily Conversation,I say 'observer' in daily conversation.
obsess,menggoda,beginner,Daily Conversation,I say 'obsess' in daily conversation.
obsession,obsesi,beginner,Daily Conversation,I say 'obsession' in daily conversation.
obstacle,rintangan,beginner,Daily Conversation,I say 'obstacle' in daily conversation.
occasional,sesekali,beginner,Daily Conversation,I say 'occasional' in daily conversation.
occupation,pekerjaan,beginner,Daily Conversation,I say 'occupation' in daily conversation.
occupy,menempati,beginner,Daily Conversation,I say 'occupy' in daily conversation.
occurrence,kejadian,beginner,Daily Conversation,I say 'occurrence' in daily conversation.
odds,kemungkinan,beginner,Daily Conversation,I say 'odds' in daily conversation.
offender,pelanggar,beginner,Daily Conversation,I say 'offender' in daily conversation.
offering,menawarkan,beginner,Daily Conversation,I say 'offering' in daily conversation.
offspring,keturunan,beginner,Daily Conversation,I say 'offspring' in daily conversation.
ongoing,sedang berlangsung,beginner,Daily Conversation,I say 'ongoing' in daily conversation.
openly,secara terbuka,beginner,Daily Conversation,I say 'openly' in daily conversation.
opera,opera,beginner,Daily Conversation,I say 'opera' in daily conversation.
operator,operator,beginner,Daily Conversation,I say 'operator' in daily conversation.
opt,memilih,beginner,Daily Conversation,I say 'opt' in daily conversation.
optical,optik,beginner,Daily Conversation,I say 'optical' in daily conversation.
optimism,optimisme,beginner,Daily Conversation,I say 'optimism' in daily conversation.
optimistic,optimis,beginner,Daily Conversation,I say 'optimistic' in daily conversation.
oral,lisan,beginner,Daily Conversation,I say 'oral' in daily conversation.
orchestra,orkestra,beginner,Daily Conversation,I say 'orchestra' in daily conversation.
organic,organik,beginner,Daily Conversation,I say 'organic' in daily conversation.
originate,berasal,beginner,Daily Conversation,I say 'originate' in daily conversation.
outbreak,wabah,beginner,Daily Conversation,I say 'outbreak' in daily conversation.
outfit,pakaian,beginner,Daily Conversation,I say 'outfit' in daily conversation.
outing,tamasya,beginner,Daily Conversation,I say 'outing' in daily conversation.
outlet,saluran keluar,beginner,Daily Conversation,I say 'outlet' in daily conversation.
outlook,pandangan,beginner,Daily Conversation,I say 'outlook' in daily conversation.
output,keluaran,beginner,Daily Conversation,I say 'output' in daily conversation.
outrage,kebiadaban,beginner,Daily Conversation,I say 'outrage' in daily conversation.
outsider,orang luar,beginner,Daily Conversation,I say 'outsider' in daily conversation.
overcome,mengatasi,beginner,Daily Conversation,I say 'overcome' in daily conversation.
overlook,mengabaikan,beginner,Daily Conversation,I say 'overlook' in daily conversation.
overly,terlalu,beginner,Daily Conversation,I say 'overly' in daily conversation.
overnight,semalam,beginner,Daily Conversation,I say 'overnight' in daily conversation.
overseas,luar negeri,beginner,Daily Conversation,I say 'overseas' in daily conversation.
oversee,mengawasi,beginner,Daily Conversation,I say 'oversee' in daily conversation.
overturn,menggulingkan,beginner,Daily Conversation,I say 'overturn' in daily conversation.
overwhelm,membanjiri,beginner,Daily Conversation,I say 'overwhelm' in daily conversation.
ownership,kepemilikan,beginner,Daily Conversation,I say 'ownership' in daily conversation.
oxygen,oksigen,beginner,Daily Conversation,I say 'oxygen' in daily conversation.
packet,paket,beginner,Daily Conversation,I say 'packet' in daily conversation.
pad,bantalan,beginner,Daily Conversation,I say 'pad' in daily conversation.
palm,telapak,beginner,Daily Conversation,I say 'palm' in daily conversation.
panic,panik,beginner,Daily Conversation,I say 'panic' in daily conversation.
parade,parade,beginner,Daily Conversation,I say 'parade' in daily conversation.
parallel,paralel,beginner,Daily Conversation,I say 'parallel' in daily conversation.
parameter,parameter,beginner,Daily Conversation,I say 'parameter' in daily conversation.
parental,orang tua,beginner,Daily Conversation,I say 'parental' in daily conversation.
parish,paroki,beginner,Daily Conversation,I say 'parish' in daily conversation.
partial,sebagian,beginner,Daily Conversation,I say 'partial' in daily conversation.
partially,sebagian,beginner,Daily Conversation,I say 'partially' in daily conversation.
passing,lewat,beginner,Daily Conversation,I say 'passing' in daily conversation.
passionate,penuh semangat,beginner,Daily Conversation,I say 'passionate' in daily conversation.
passive,pasif,beginner,Daily Conversation,I say 'passive' in daily conversation.
password,kata sandi,beginner,Daily Conversation,I say 'password' in daily conversation.
pastor,pendeta,beginner,Daily Conversation,I say 'pastor' in daily conversation.
patch,tambalan,beginner,Daily Conversation,I say 'patch' in daily conversation.
patent,paten,beginner,Daily Conversation,I say 'patent' in daily conversation.
pathway,jalan,beginner,Daily Conversation,I say 'pathway' in daily conversation.
patience,kesabaran,beginner,Daily Conversation,I say 'patience' in daily conversation.
patrol,patroli,beginner,Daily Conversation,I say 'patrol' in daily conversation.
patron,pelindung,beginner,Daily Conversation,I say 'patron' in daily conversation.
pause,berhenti sebentar,beginner,Daily Conversation,I say 'pause' in daily conversation.
peak,puncak,beginner,Daily Conversation,I say 'peak' in daily conversation.
peasant,petani,beginner,Daily Conversation,I say 'peasant' in daily conversation.
peculiar,aneh,beginner,Daily Conversation,I say 'peculiar' in daily conversation.
peer,rekan,beginner,Daily Conversation,I say 'peer' in daily conversation.
penalty,penalti,beginner,Daily Conversation,I say 'penalty' in daily conversation.
perceive,melihat,beginner,Daily Conversation,I say 'perceive' in daily conversation.
perception,persepsi,beginner,Daily Conversation,I say 'perception' in daily conversation.
persist,bertahan,beginner,Daily Conversation,I say 'persist' in daily conversation.
persistent,gigih,beginner,Daily Conversation,I say 'persistent' in daily conversation.
personnel,personil,beginner,Daily Conversation,I say 'personnel' in daily conversation.
petition,permohonan,beginner,Daily Conversation,I say 'petition' in daily conversation.
physician,dokter,beginner,Daily Conversation,I say 'physician' in daily conversation.
pill,pil,beginner,Daily Conversation,I say 'pill' in daily conversation.
pioneer,pelopor,beginner,Daily Conversation,I say 'pioneer' in daily conversation.
pipeline,saluran pipa,beginner,Daily Conversation,I say 'pipeline' in daily conversation.
pirate,bajak laut,beginner,Daily Conversation,I say 'pirate' in daily conversation.
pit,lubang,beginner,Daily Conversation,I say 'pit' in daily conversation.
pity,disayangkan,beginner,Daily Conversation,I say 'pity' in daily conversation.
placement,penempatan,beginner,Daily Conversation,I say 'placement' in daily conversation.
plea,permohonan,beginner,Daily Conversation,I say 'plea' in daily conversation.
plead,mengaku,beginner,Daily Conversation,I say 'plead' in daily conversation.
pledge,sumpah,beginner,Daily Conversation,I say 'pledge' in daily conversation.
plug,steker,beginner,Daily Conversation,I say 'plug' in daily conversation.
plunge,terjun,beginner,Daily Conversation,I say 'plunge' in daily conversation.
pole,tiang,beginner,Basic Grammar,I study the grammar of 'pole'.
poll,pemilihan,beginner,Basic Grammar,I study the grammar of 'poll'.
pond,kolam,beginner,Basic Grammar,I study the grammar of 'pond'.
pop,muncul,beginner,Basic Grammar,I study the grammar of 'pop'.
portfolio,portofolio,beginner,Basic Grammar,I study the grammar of 'portfolio'.
portion,bagian,beginner,Basic Grammar,I study the grammar of 'portion'.
portray,menggambarkan,beginner,Basic Grammar,I study the grammar of 'portray'.
postpone,menunda,beginner,Basic Grammar,I study the grammar of 'postpone'.
preach,berkhotbah,beginner,Basic Grammar,I study the grammar of 'preach'.
precede,mendahului,beginner,Basic Grammar,I study the grammar of 'precede'.
precedent,preseden,beginner,Basic Grammar,I study the grammar of 'precedent'.
precious,berharga,beginner,Basic Grammar,I study the grammar of 'precious'.
precise,tepat,beginner,Basic Grammar,I study the grammar of 'precise'.
precisely,dengan tepat,beginner,Basic Grammar,I study the grammar of 'precisely'.
precision,presisi,beginner,Basic Grammar,I study the grammar of 'precision'.
predator,pemangsa,beginner,Basic Grammar,I study the grammar of 'predator'.
preference,preferensi,beginner,Basic Grammar,I study the grammar of 'preference'.
pregnancy,kehamilan,beginner,Basic Grammar,I study the grammar of 'pregnancy'.
prejudice,prasangka,beginner,Basic Grammar,I study the grammar of 'prejudice'.
premier,perdana menteri,beginner,Basic Grammar,I study the grammar of 'premier'.
premise,premis,beginner,Basic Grammar,I study the grammar of 'premise'.
premium,premi,beginner,Basic Grammar,I study the grammar of 'premium'.
prescribe,menentukan,beginner,Basic Grammar,I study the grammar of 'prescribe'.
presently,sekarang,beginner,Basic Grammar,I study the grammar of 'presently'.
preside,memimpin,beginner,Basic Grammar,I study the grammar of 'preside'.
presidency,kepresidenan,beginner,Basic Grammar,I study the grammar of 'presidency'.
presumably,agaknya,beginner,Basic Grammar,I study the grammar of 'presumably'.
presume,menganggap,beginner,Basic Grammar,I study the grammar of 'presume'.
prevail,bertahan,beginner,Basic Grammar,I study the grammar of 'prevail'.
prevalence,prevalensi,beginner,Basic Grammar,I study the grammar of 'prevalence'.
prevention,pencegahan,beginner,Basic Grammar,I study the grammar of 'prevention'.
prey,mangsa,beginner,Basic Grammar,I study the grammar of 'prey'.
pride,kebanggaan,beginner,Basic Grammar,I study the grammar of 'pride'.
primarily,terutama,beginner,Basic Grammar,I study the grammar of 'primarily'.
principal,kepala sekolah,beginner,Basic Grammar,I study the grammar of 'principal'.
prior,sebelumnya,beginner,Basic Grammar,I study the grammar of 'prior'.
privilege,hak istimewa,beginner,Basic Grammar,I study the grammar of 'privilege'.
probable,mungkin,beginner,Basic Grammar,I study the grammar of 'probable'.
probe,menguji,beginner,Basic Grammar,I study the grammar of 'probe'.
proceed,melanjutkan,beginner,Basic Grammar,I study the grammar of 'proceed'.
proceeding,melanjutkan,beginner,Basic Grammar,I study the grammar of 'proceeding'.
proceeds,hasil,beginner,Basic Grammar,I study the grammar of 'proceeds'.
processing,pengolahan,beginner,Basic Grammar,I study the grammar of 'processing'.
processor,prosesor,beginner,Basic Grammar,I study the grammar of 'processor'.
proclaim,menyatakan,beginner,Basic Grammar,I study the grammar of 'proclaim'.
productive,produktif,beginner,Basic Grammar,I study the grammar of 'productive'.
profitable,menguntungkan,beginner,Basic Grammar,I study the grammar of 'profitable'.
profound,menonjol,beginner,Basic Grammar,I study the grammar of 'profound'.
prohibit,melarang,beginner,Basic Grammar,I study the grammar of 'prohibit'.
projection,proyeksi,beginner,Basic Grammar,I study the grammar of 'projection'.
prominent,menonjol,beginner,Basic Grammar,I study the grammar of 'prominent'.
promising,menjanjikan,beginner,Basic Grammar,I study the grammar of 'promising'.
promotion,promosi,beginner,Basic Grammar,I study the grammar of 'promotion'.
prompt,mengingatkan,beginner,Basic Grammar,I study the grammar of 'prompt'.
pronounced,jelas,beginner,Basic Grammar,I study the grammar of 'pronounced'.
propaganda,propaganda,beginner,Basic Grammar,I study the grammar of 'propaganda'.
proportion,proporsi,beginner,Basic Grammar,I study the grammar of 'proportion'.
prosecute,menuntut,beginner,Basic Grammar,I study the grammar of 'prosecute'.
prosecutor,jaksa,beginner,Basic Grammar,I study the grammar of 'prosecutor'.
prosperity,kemakmuran,beginner,Basic Grammar,I study the grammar of 'prosperity'.
protective,protektif,beginner,Basic Grammar,I study the grammar of 'protective'.
protein,protein,beginner,Basic Grammar,I study the grammar of 'protein'.
protester,pemrotes,beginner,Basic Grammar,I study the grammar of 'protester'.
protocol,protokol,beginner,Basic Grammar,I study the grammar of 'protocol'.
province,propinsi,beginner,Basic Grammar,I study the grammar of 'province'.
provincial,provinsi,beginner,Basic Grammar,I study the grammar of 'provincial'.
provision,persediaan,beginner,Basic Grammar,I study the grammar of 'provision'.
provoke,memprovokasi,beginner,Basic Grammar,I study the grammar of 'provoke'.
publicity,publisitas,beginner,Basic Grammar,I study the grammar of 'publicity'.
publishing,penerbitan,beginner,Basic Grammar,I study the grammar of 'publishing'.
pulse,detak,beginner,Basic Grammar,I study the grammar of 'pulse'.
pump,pompa,beginner,Basic Grammar,I study the grammar of 'pump'.
punch,memukul,beginner,Basic Grammar,I study the grammar of 'punch'.
punk,punk,beginner,Basic Grammar,I study the grammar of 'punk'.
purely,murni,beginner,Basic Grammar,I study the grammar of 'purely'.
pursuit,pengejaran,beginner,Basic Grammar,I study the grammar of 'pursuit'.
puzzle,membingungkan,beginner,Basic Grammar,I study the grammar of 'puzzle'.
query,pertanyaan,beginner,Basic Grammar,I study the grammar of 'query'.
quest,pencarian,beginner,Basic Grammar,I study the grammar of 'quest'.
quota,kuota,beginner,Basic Grammar,I study the grammar of 'quota'.
racial,rasial,beginner,Basic Grammar,I study the grammar of 'racial'.
racism,rasisme,beginner,Basic Grammar,I study the grammar of 'racism'.
racist,rasis,beginner,Basic Grammar,I study the grammar of 'racist'.
radar,radar,beginner,Basic Grammar,I study the grammar of 'radar'.
radiation,radiasi,beginner,Basic Grammar,I study the grammar of 'radiation'.
radical,radikal,beginner,Basic Grammar,I study the grammar of 'radical'.
rage,kemarahan,beginner,Basic Grammar,I study the grammar of 'rage'.
raid,serangan,beginner,Basic Grammar,I study the grammar of 'raid'.
rail,rel,beginner,Basic Grammar,I study the grammar of 'rail'.
rally,rapat umum,beginner,Basic Grammar,I study the grammar of 'rally'.
random,acak,beginner,Basic Grammar,I study the grammar of 'random'.
ranking,peringkat,beginner,Basic Grammar,I study the grammar of 'ranking'.
rape,memperkosa,beginner,Basic Grammar,I study the grammar of 'rape'.
rat,tikus,beginner,Basic Grammar,I study the grammar of 'rat'.
rating,peringkat,beginner,Basic Grammar,I study the grammar of 'rating'.
ratio,perbandingan,beginner,Basic Grammar,I study the grammar of 'ratio'.
rational,rasional,beginner,Basic Grammar,I study the grammar of 'rational'.
ray,sinar,beginner,Basic Grammar,I study the grammar of 'ray'.
readily,segera,beginner,Basic Grammar,I study the grammar of 'readily'.
realm,dunia,beginner,Basic Grammar,I study the grammar of 'realm'.
rear,belakang,beginner,Basic Grammar,I study the grammar of 'rear'.
reasonably,secara wajar,beginner,Basic Grammar,I study the grammar of 'reasonably'.
reasoning,pemikiran,beginner,Basic Grammar,I study the grammar of 'reasoning'.
reassure,meyakinkan,beginner,Basic Grammar,I study the grammar of 'reassure'.
rebel,pemberontak,beginner,Basic Grammar,I study the grammar of 'rebel'.
rebellion,pemberontakan,beginner,Basic Grammar,I study the grammar of 'rebellion'.
rebuild,membangun kembali,beginner,Basic Grammar,I study the grammar of 'rebuild'.
receiver,penerima,beginner,Basic Grammar,I study the grammar of 'receiver'.
recession,resesi,beginner,Basic Grammar,I study the grammar of 'recession'.
recipient,penerima,beginner,Basic Grammar,I study the grammar of 'recipient'.
reckon,memperhitungkan,beginner,Basic Grammar,I study the grammar of 'reckon'.
recount,mengingat,beginner,Basic Grammar,I study the grammar of 'recount'.
recovery,pemulihan,beginner,Basic Grammar,I study the grammar of 'recovery'.
recruit,rekrut,beginner,Basic Grammar,I study the grammar of 'recruit'.
referee,wasit,beginner,Basic Grammar,I study the grammar of 'referee'.
referendum,referendum,beginner,Basic Grammar,I study the grammar of 'referendum'.
reflection,cerminan,beginner,Basic Grammar,I study the grammar of 'reflection'.
reform,pembaruan,beginner,Basic Grammar,I study the grammar of 'reform'.
refuge,tempat berlindung,beginner,Basic Grammar,I study the grammar of 'refuge'.
refugee,pengungsi,beginner,Basic Grammar,I study the grammar of 'refugee'.
refusal,penolakan,beginner,Basic Grammar,I study the grammar of 'refusal'.
regain,mendapatkan kembali,beginner,Basic Grammar,I study the grammar of 'regain'.
regardless,tanpa memedulikan,beginner,Basic Grammar,I study the grammar of 'regardless'.
regime,rezim,beginner,Basic Grammar,I study the grammar of 'regime'.
regulate,mengatur,beginner,Basic Grammar,I study the grammar of 'regulate'.
regulator,pengatur,beginner,Basic Grammar,I study the grammar of 'regulator'.
regulatory,peraturan,beginner,Basic Grammar,I study the grammar of 'regulatory'.
reign,memerintah,beginner,Basic Grammar,I study the grammar of 'reign'.
reinforce,memperkuat,beginner,Basic Grammar,I study the grammar of 'reinforce'.
rejection,penolakan,beginner,Basic Grammar,I study the grammar of 'rejection'.
relevance,relevansi,beginner,Basic Grammar,I study the grammar of 'relevance'.
relieve,meredakan,beginner,Basic Grammar,I study the grammar of 'relieve'.
relieved,lega,beginner,Basic Grammar,I study the grammar of 'relieved'.
reluctant,enggan,beginner,Basic Grammar,I study the grammar of 'reluctant'.
remainder,sisa,beginner,Basic Grammar,I study the grammar of 'remainder'.
remains,tetap,beginner,Basic Grammar,I study the grammar of 'remains'.
remarkable,luar biasa,beginner,Basic Grammar,I study the grammar of 'remarkable'.
remarkably,sungguh,beginner,Basic Grammar,I study the grammar of 'remarkably'.
remedy,memperbaiki,beginner,Basic Grammar,I study the grammar of 'remedy'.
reminder,pengingat,beginner,Basic Grammar,I study the grammar of 'reminder'.
removal,pemindahan,beginner,Basic Grammar,I study the grammar of 'removal'.
render,memberikan,beginner,Basic Grammar,I study the grammar of 'render'.
renew,memperbarui,beginner,Basic Grammar,I study the grammar of 'renew'.
renowned,terkenal,beginner,Basic Grammar,I study the grammar of 'renowned'.
rental,persewaan,beginner,Basic Grammar,I study the grammar of 'rental'.
reportedly,dilaporkan,beginner,Basic Grammar,I study the grammar of 'reportedly'.
reporting,pelaporan,beginner,Basic Grammar,I study the grammar of 'reporting'.
reproduce,mereproduksi,beginner,Basic Grammar,I study the grammar of 'reproduce'.
republic,republik,beginner,Basic Grammar,I study the grammar of 'republic'.
resemble,mirip,beginner,Basic Grammar,I study the grammar of 'resemble'.
reside,tinggal,beginner,Basic Grammar,I study the grammar of 'reside'.
residence,tempat tinggal,beginner,Basic Grammar,I study the grammar of 'residence'.
residue,residu,beginner,Basic Grammar,I study the grammar of 'residue'.
resign,berhenti,beginner,Basic Grammar,I study the grammar of 'resign'.
resistance,perlawanan,beginner,Basic Grammar,I study the grammar of 'resistance'.
resolution,resolusi,beginner,Basic Grammar,I study the grammar of 'resolution'.
respective,masing-masing,beginner,Basic Grammar,I study the grammar of 'respective'.
restore,memulihkan,beginner,Basic Grammar,I study the grammar of 'restore'.
restraint,pengekangan,beginner,Basic Grammar,I study the grammar of 'restraint'.
restrict,membatasi,beginner,Basic Grammar,I study the grammar of 'restrict'.
resume,melanjutkan,beginner,Basic Grammar,I study the grammar of 'resume'.
retail,pengecer,beginner,Basic Grammar,I study the grammar of 'retail'.
retirement,masa pensiun,beginner,Basic Grammar,I study the grammar of 'retirement'.
retreat,mundur,beginner,Basic Grammar,I study the grammar of 'retreat'.
retrieve,mengambil,beginner,Basic Grammar,I study the grammar of 'retrieve'.
revelation,wahyu,beginner,Basic Grammar,I study the grammar of 'revelation'.
revenge,pembalasan dendam,beginner,Basic Grammar,I study the grammar of 'revenge'.
revenue,pendapatan,beginner,Basic Grammar,I study the grammar of 'revenue'.
reverse,balik,beginner,Basic Grammar,I study the grammar of 'reverse'.
revision,revisi,beginner,Basic Grammar,I study the grammar of 'revision'.
revival,kebangkitan,beginner,Basic Grammar,I study the grammar of 'revival'.
revive,membangkitkan,beginner,Basic Grammar,I study the grammar of 'revive'.
rhetoric,retorik,beginner,Basic Grammar,I study the grammar of 'rhetoric'.
ridiculous,konyol,beginner,Basic Grammar,I study the grammar of 'ridiculous'.
rifle,senapan,beginner,Basic Grammar,I study the grammar of 'rifle'.
riot,kerusuhan,beginner,Basic Grammar,I study the grammar of 'riot'.
rip,merobek,beginner,Basic Grammar,I study the grammar of 'rip'.
risky,berisiko,beginner,Basic Grammar,I study the grammar of 'risky'.
ritual,upacara,beginner,Basic Grammar,I study the grammar of 'ritual'.
rival,menyaingi,beginner,Basic Grammar,I study the grammar of 'rival'.
rob,merampok,beginner,Basic Grammar,I study the grammar of 'rob'.
robbery,perampokan,beginner,Basic Grammar,I study the grammar of 'robbery'.
robust,kokoh,beginner,Basic Grammar,I study the grammar of 'robust'.
rock,batu,beginner,Basic Grammar,I study the grammar of 'rock'.
rocket,roket,beginner,Basic Grammar,I study the grammar of 'rocket'.
rod,batang,beginner,Basic Grammar,I study the grammar of 'rod'.
romance,roman,beginner,Basic Grammar,I study the grammar of 'romance'.
rose,mawar,beginner,Basic Grammar,I study the grammar of 'rose'.
rotate,memutar,beginner,Basic Grammar,I study the grammar of 'rotate'.
rotation,rotasi,beginner,Basic Grammar,I study the grammar of 'rotation'.
roughly,dengan kasar,beginner,Basic Grammar,I study the grammar of 'roughly'.
ruin,menghancurkan,beginner,Basic Grammar,I study the grammar of 'ruin'.
ruling,berkuasa,beginner,Basic Grammar,I study the grammar of 'ruling'.
rumour,isu,beginner,Basic Grammar,I study the grammar of 'rumour'.
sack,memecat,beginner,Basic Grammar,I study the grammar of 'sack'.
sacred,suci,beginner,Basic Grammar,I study the grammar of 'sacred'.
sacrifice,pengorbanan,beginner,Basic Grammar,I study the grammar of 'sacrifice'.
saint,santo,beginner,Basic Grammar,I study the grammar of 'saint'.
sake,demi,beginner,Basic Grammar,I study the grammar of 'sake'.
sanction,sanksi,beginner,Basic Grammar,I study the grammar of 'sanction'.
say,mengatakan,beginner,Basic Grammar,I study the grammar of 'say'.
scandal,skandal,beginner,Basic Grammar,I study the grammar of 'scandal'.
scare,ketakutan,beginner,Basic Grammar,I study the grammar of 'scare'.
scattered,berserakan,beginner,Basic Grammar,I study the grammar of 'scattered'.
scenario,skenario,beginner,Basic Grammar,I study the grammar of 'scenario'.
sceptical,skeptis,beginner,Basic Grammar,I study the grammar of 'sceptical'.
scholar,sarjana,beginner,Basic Grammar,I study the grammar of 'scholar'.
scope,cakupan,beginner,Basic Grammar,I study the grammar of 'scope'.
scratch,menggores,beginner,Basic Grammar,I study the grammar of 'scratch'.
screening,penyaringan,beginner,Basic Grammar,I study the grammar of 'screening'.
screw,baut,beginner,Basic Grammar,I study the grammar of 'screw'.
scrutiny,pengawasan,beginner,Basic Grammar,I study the grammar of 'scrutiny'.
seal,segel,beginner,Basic Grammar,I study the grammar of 'seal'.
secular,sekuler,beginner,Basic Grammar,I study the grammar of 'secular'.
seeker,pencari,beginner,Basic Grammar,I study the grammar of 'seeker'.
seemingly,tampaknya,beginner,Basic Grammar,I study the grammar of 'seemingly'.
segment,segmen,beginner,Basic Grammar,I study the grammar of 'segment'.
seize,menangkap,beginner,Basic Grammar,I study the grammar of 'seize'.
seldom,jarang,beginner,Basic Grammar,I study the grammar of 'seldom'.
selective,selektif,beginner,Basic Grammar,I study the grammar of 'selective'.
seminar,seminar,beginner,Basic Grammar,I study the grammar of 'seminar'.
senator,senator,beginner,Basic Grammar,I study the grammar of 'senator'.
sensation,sensasi,beginner,Basic Grammar,I study the grammar of 'sensation'.
sentiment,sentimen,beginner,Basic Grammar,I study the grammar of 'sentiment'.
separation,pemisahan,beginner,Basic Grammar,I study the grammar of 'separation'.
serial,serial,beginner,Basic Grammar,I study the grammar of 'serial'.
settlement,hunian,beginner,Basic Grammar,I study the grammar of 'settlement'.
settler,pendatang,beginner,Basic Grammar,I study the grammar of 'settler'.
severely,dengan parah,beginner,Basic Grammar,I study the grammar of 'severely'.
sexuality,seks,beginner,Basic Grammar,I study the grammar of 'sexuality'.
sexy,seksi,beginner,Basic Grammar,I study the grammar of 'sexy'.
shaped,berbentuk,beginner,Basic Grammar,I study the grammar of 'shaped'.
shatter,pecah,beginner,Basic Grammar,I study the grammar of 'shatter'.
shed,gudang,beginner,Basic Grammar,I study the grammar of 'shed'.
sheer,belaka,beginner,Basic Grammar,I study the grammar of 'sheer'.
shipping,pengiriman,beginner,Basic Grammar,I study the grammar of 'shipping'.
shocking,mengejutkan,beginner,Basic Grammar,I study the grammar of 'shocking'.
shoot,menembak,beginner,Basic Grammar,I study the grammar of 'shoot'.
shore,pantai,beginner,Basic Grammar,I study the grammar of 'shore'.
shortage,kekurangan,beginner,Basic Grammar,I study the grammar of 'shortage'.
shortly,segera,beginner,Basic Grammar,I study the grammar of 'shortly'.
shrink,menyusut,beginner,Basic Grammar,I study the grammar of 'shrink'.
shrug,mengangkat bahu,beginner,Basic Grammar,I study the grammar of 'shrug'.
sibling,saudara,beginner,Basic Grammar,I study the grammar of 'sibling'.
sigh,mendesah,beginner,Basic Grammar,I study the grammar of 'sigh'.
signature,tanda tangan,beginner,Basic Grammar,I study the grammar of 'signature'.
simulate,mensimulasikan,beginner,Basic Grammar,I study the grammar of 'simulate'.
simulation,simulasi,beginner,Basic Grammar,I study the grammar of 'simulation'.
sin,dosa,beginner,Basic Grammar,I study the grammar of 'sin'.
situated,terletak,beginner,Basic Grammar,I study the grammar of 'situated'.
sketch,sketsa,beginner,Basic Grammar,I study the grammar of 'sketch'.
skilled,terampil,beginner,Basic Grammar,I study the grammar of 'skilled'.
skip,melewati,beginner,Basic Grammar,I study the grammar of 'skip'.
skull,tengkorak,beginner,Basic Grammar,I study the grammar of 'skull'.
slam,membanting,beginner,Basic Grammar,I study the grammar of 'slam'.
slap,tamparan,beginner,Basic Grammar,I study the grammar of 'slap'.
slash,memotong,beginner,Basic Grammar,I study the grammar of 'slash'.
slavery,perbudakan,beginner,Basic Grammar,I study the grammar of 'slavery'.
slogan,slogan,beginner,Basic Grammar,I study the grammar of 'slogan'.
slot,celah,beginner,Basic Grammar,I study the grammar of 'slot'.
smash,menghancurkan,beginner,Basic Grammar,I study the grammar of 'smash'.
snap,patah,beginner,Basic Grammar,I study the grammar of 'snap'.
soak,basah,beginner,Basic Grammar,I study the grammar of 'soak'.
soar,melonjak,beginner,Basic Grammar,I study the grammar of 'soar'.
socialist,sosialis,beginner,Basic Grammar,I study the grammar of 'socialist'.
sole,tunggal,beginner,Basic Grammar,I study the grammar of 'sole'.
solely,semata-mata,beginner,Basic Grammar,I study the grammar of 'solely'.
solicitor,pengacara,beginner,Basic Grammar,I study the grammar of 'solicitor'.
solidarity,solidaritas,beginner,Basic Grammar,I study the grammar of 'solidarity'.
solo,solo,beginner,Basic Grammar,I study the grammar of 'solo'.
somehow,bagaimanapun,beginner,Basic Grammar,I study the grammar of 'somehow'.
sometime,beberapa waktu,beginner,Basic Grammar,I study the grammar of 'sometime'.
sound,suara,beginner,Basic Grammar,I study the grammar of 'sound'.
spam,spam,beginner,Basic Grammar,I study the grammar of 'spam'.
span,menjangkau,beginner,Basic Grammar,I study the grammar of 'span'.
spare,meluangkan,beginner,Basic Grammar,I study the grammar of 'spare'.
spark,percikan,beginner,Basic Grammar,I study the grammar of 'spark'.
specialize,mengkhususkan,beginner,Basic Grammar,I study the grammar of 'specialize'.
specify,menentukan,beginner,Basic Grammar,I study the grammar of 'specify'.
specimen,contoh,beginner,Basic Grammar,I study the grammar of 'specimen'.
spectacle,tontonan,beginner,Basic Grammar,I study the grammar of 'spectacle'.
spectator,penonton,beginner,Basic Grammar,I study the grammar of 'spectator'.
spectrum,spektrum,beginner,Basic Grammar,I study the grammar of 'spectrum'.
speculate,berspekulasi,beginner,Basic Grammar,I study the grammar of 'speculate'.
spell,mengeja,beginner,Basic Grammar,I study the grammar of 'spell'.
sphere,bola,beginner,Basic Grammar,I study the grammar of 'sphere'.
spill,tumpahan,beginner,Basic Grammar,I study the grammar of 'spill'.
spin,putaran,beginner,Basic Grammar,I study the grammar of 'spin'.
spine,tulang belakang,beginner,Basic Grammar,I study the grammar of 'spine'.
spite,meskipun,beginner,Basic Grammar,I study the grammar of 'spite'.
spoil,memanjakan,beginner,Basic Grammar,I study the grammar of 'spoil'.
spokesman,juru bicara,beginner,Basic Grammar,I study the grammar of 'spokesman'.
sporting,olahraga,beginner,Basic Grammar,I study the grammar of 'sporting'.
spotlight,menyoroti,beginner,Basic Grammar,I study the grammar of 'spotlight'.
spouse,pasangan,beginner,Basic Grammar,I study the grammar of 'spouse'.
spy,mengintai,beginner,Basic Grammar,I study the grammar of 'spy'.
squad,pasukan,beginner,Basic Grammar,I study the grammar of 'squad'.
squeeze,meremas,beginner,Basic Grammar,I study the grammar of 'squeeze'.
stab,menusuk,beginner,Basic Grammar,I study the grammar of 'stab'.
stability,stabilitas,beginner,Basic Grammar,I study the grammar of 'stability'.
stabilize,menstabilkan,beginner,Basic Grammar,I study the grammar of 'stabilize'.
stake,mempertaruhkan,beginner,Basic Grammar,I study the grammar of 'stake'.
stall,macet,beginner,Basic Grammar,I study the grammar of 'stall'.
stance,pendirian,beginner,Basic Grammar,I study the grammar of 'stance'.
standing,kedudukan,beginner,Basic Grammar,I study the grammar of 'standing'.
stark,telanjang,beginner,Basic Grammar,I study the grammar of 'stark'.
starve,kelaparan,beginner,Basic Grammar,I study the grammar of 'starve'.
steadily,terus-menerus,beginner,Basic Grammar,I study the grammar of 'steadily'.
steam,uap,beginner,Basic Grammar,I study the grammar of 'steam'.
steer,mengarahkan,beginner,Basic Grammar,I study the grammar of 'steer'.
stem,tangkai,beginner,Basic Grammar,I study the grammar of 'stem'.
stereotype,stereotip,beginner,Basic Grammar,I study the grammar of 'stereotype'.
stimulate,merangsang,beginner,Basic Grammar,I study the grammar of 'stimulate'.
stimulus,rangsangan,beginner,Basic Grammar,I study the grammar of 'stimulus'.
stir,mengaduk,beginner,Basic Grammar,I study the grammar of 'stir'.
storage,penyimpanan,beginner,Basic Grammar,I study the grammar of 'storage'.
strain,tekanan,beginner,Basic Grammar,I study the grammar of 'strain'.
strand,untai,beginner,Basic Grammar,I study the grammar of 'strand'.
strategic,strategis,beginner,Basic Grammar,I study the grammar of 'strategic'.
strengthen,memperkuat,beginner,Basic Grammar,I study the grammar of 'strengthen'.
strictly,secara ketat,beginner,Basic Grammar,I study the grammar of 'strictly'.
striking,menyolok,beginner,Basic Grammar,I study the grammar of 'striking'.
strip,mengupas,beginner,Basic Grammar,I study the grammar of 'strip'.
strive,berjuang,beginner,Basic Grammar,I study the grammar of 'strive'.
stroke,stroke,beginner,Basic Grammar,I study the grammar of 'stroke'.
structural,struktural,beginner,Basic Grammar,I study the grammar of 'structural'.
stumble,tersandung,beginner,Basic Grammar,I study the grammar of 'stumble'.
stun,setrum,beginner,Basic Grammar,I study the grammar of 'stun'.
stunning,memukau,beginner,Basic Grammar,I study the grammar of 'stunning'.
submission,penyerahan,beginner,Basic Grammar,I study the grammar of 'submission'.
subscriber,pelanggan,beginner,Basic Grammar,I study the grammar of 'subscriber'.
subsequent,setelah,beginner,Basic Grammar,I study the grammar of 'subsequent'.
subsidy,subsidi,beginner,Basic Grammar,I study the grammar of 'subsidy'.
substitute,pengganti,beginner,Basic Grammar,I study the grammar of 'substitute'.
subtle,tak kentara,beginner,Basic Grammar,I study the grammar of 'subtle'.
suburb,pinggiran kota,beginner,Basic Grammar,I study the grammar of 'suburb'.
suburban,pinggiran kota,beginner,Basic Grammar,I study the grammar of 'suburban'.
succession,suksesi,beginner,Basic Grammar,I study the grammar of 'succession'.
successive,berturut-turut,beginner,Basic Grammar,I study the grammar of 'successive'.
successor,penerus,beginner,Basic Grammar,I study the grammar of 'successor'.
suck,mengisap,beginner,Basic Grammar,I study the grammar of 'suck'.
sue,menuntut,beginner,Basic Grammar,I study the grammar of 'sue'.
suffering,menderita,beginner,Basic Grammar,I study the grammar of 'suffering'.
sufficient,memadai,beginner,Basic Grammar,I study the grammar of 'sufficient'.
suicide,bunuh diri,beginner,Basic Grammar,I study the grammar of 'suicide'.
suite,suite,beginner,Basic Grammar,I study the grammar of 'suite'.
summit,puncak,beginner,Basic Grammar,I study the grammar of 'summit'.
super,super,beginner,Basic Grammar,I study the grammar of 'super'.
superb,hebat,beginner,Basic Grammar,I study the grammar of 'superb'.
superior,unggul,beginner,Basic Grammar,I study the grammar of 'superior'.
supervise,mengawasi,beginner,Basic Grammar,I study the grammar of 'supervise'.
supervisor,pengawas,beginner,Basic Grammar,I study the grammar of 'supervisor'.
supplement,suplemen,beginner,Basic Grammar,I study the grammar of 'supplement'.
supportive,mendukung,beginner,Basic Grammar,I study the grammar of 'supportive'.
supposedly,seharusnya,beginner,Basic Grammar,I study the grammar of 'supposedly'.
suppress,menekan,beginner,Basic Grammar,I study the grammar of 'suppress'.
supreme,tertinggi,beginner,Basic Grammar,I study the grammar of 'supreme'.
surge,lonjakan,beginner,Basic Grammar,I study the grammar of 'surge'.
surgeon,ahli bedah,beginner,Basic Grammar,I study the grammar of 'surgeon'.
surgical,bedah,beginner,Basic Grammar,I study the grammar of 'surgical'.
surplus,kelebihan,beginner,Basic Grammar,I study the grammar of 'surplus'.
surrender,menyerah,beginner,Basic Grammar,I study the grammar of 'surrender'.
survival,kelangsungan hidup,beginner,Basic Grammar,I study the grammar of 'survival'.
survivor,selamat,beginner,Basic Grammar,I study the grammar of 'survivor'.
suspend,menskors,beginner,Basic Grammar,I study the grammar of 'suspend'.
suspension,penangguhan,beginner,Basic Grammar,I study the grammar of 'suspension'.
suspicion,kecurigaan,beginner,Basic Grammar,I study the grammar of 'suspicion'.
suspicious,mencurigakan,beginner,Basic Grammar,I study the grammar of 'suspicious'.
sustain,mempertahankan,beginner,Basic Grammar,I study the grammar of 'sustain'.
swallow,angsa,beginner,Basic Grammar,I study the grammar of 'swallow'.
swing,mengayun,beginner,Basic Grammar,I study the grammar of 'swing'.
sword,pedang,beginner,Basic Grammar,I study the grammar of 'sword'.
symbolic,simbolis,beginner,Basic Grammar,I study the grammar of 'symbolic'.
syndrome,sindroma,beginner,Basic Grammar,I study the grammar of 'syndrome'.
synthesis,sintesis,beginner,Basic Grammar,I study the grammar of 'synthesis'.
